doc_id,source,title,url,drugs,access,doi,n_chunks,en_bronze
NCT00456092,clinicaltrials,"A Phase II, Multicenter, Randomized, Double-blind, Placebo-controlled, Parallel-group, Efficacy and Safety Study of Two Dose Regimens of CC-10004 in Subjects With Active Psoriatic Arthritis",https://clinicaltrials.gov/study/NCT00456092,apremilast,open,,12,si
NCT00508547,clinicaltrials,"A Multicenter, Open Registry of Patients With Plaque Psoriasis Who Are Candidates for Systemic Therapy Including Biologics",https://clinicaltrials.gov/study/NCT00508547,ixekizumab; plaque_psoriasis,open,,1,si
NCT00521339,clinicaltrials,"A Phase 2, Open-label Multi-center Study to Evaluate the Safety, Pharmacodynamics, Pharmacokinetics, and Efficacy of Apremilast in Subjects With Recalcitrant Plaque-type Psoriasis",https://clinicaltrials.gov/study/NCT00521339,apremilast,open,,8,si
NCT00606450,clinicaltrials,"A Phase 2, Multicenter, Randomized, Double-Blind, Placebo-Controlled, Parallel-Group, Dose Comparison Study of CC-10004 in Subjects With Moderate-to-Severe Plaque-Type Psoriasis",https://clinicaltrials.gov/study/NCT00606450,apremilast,open,,1,si
NCT00770965,clinicaltrials,"Phase II Single Dose, Randomized, Double-blind, Multi-center, Parallel-group, Placebo-controlled Study to Assess the Efficacy of Three Dose Levels of AIN457 in Patients With Chronic Plaque-type Psoriasis",https://clinicaltrials.gov/study/NCT00770965,secukinumab,open,,7,no
NCT00773734,clinicaltrials,"A Phase 2B, Multicenter, Randomized, Double-Blind, Placebo-Controlled, Dose-Ranging, Efficacy and Safety Study of Apremilast (CC-10004) in Subjects With Moderate-to-Severe Plaque-Type Psoriasis (Core Study)",https://clinicaltrials.gov/study/NCT00773734,apremilast,open,,16,si
NCT00805480,clinicaltrials,"Phase II Randomized, Double-blind, Multi-center, Parallel-group, Placebo-controlled Multiple-loading Dose Regimen Study to Assess the Safety, Efficacy and Duration of Response of AIN457 in Patients With Chronic Plaque-type Psoriasis.",https://clinicaltrials.gov/study/NCT00805480,secukinumab,open,,9,si
NCT01071252,clinicaltrials,"A Randomized, Double-blind, Placebo Controlled, Multicenter Dose Ranging Study of Subcutaneously Administered AIN457, Assessing Psoriasis Area and Severity Index (PASI) Response in Patients With Moderate to Severe Chronic Plaque-type Psoriasis",https://clinicaltrials.gov/study/NCT01071252,secukinumab,open,,7,si
NCT01090310,clinicaltrials,"A 38-week Extension to a 24-week Multicenter, Randomized, Double-masked, Placebo Controlled, Dose-ranging Phase III Study of AIN457 Versus Placebo for Maintaining Uveitis Suppression When Reducing Systemic Immunosuppression in Patients With Quiescent, Non-infectious Intermediate, Posterior or Panuve",https://clinicaltrials.gov/study/NCT01090310,secukinumab,open,,13,no
NCT01107457,clinicaltrials,A Dose-Ranging And Efficacy Study of LY2439821 (An Anti-IL-17 Antibody) In Patients With Moderate-To-Severe Psoriasis,https://clinicaltrials.gov/study/NCT01107457,ixekizumab,open,,19,si
NCT01170715,clinicaltrials,Psoriasis Inflammation and Systemic Co-Morbidities: Is it Preventable or Reversible?,https://clinicaltrials.gov/study/NCT01170715,plaque_psoriasis,open,,6,si
NCT01212770,clinicaltrials,"A Phase 3, Multicenter, Randomized, Double-blind, Placebo-controlled, Parallel-group, Efficacy and Safety Study of Two Doses of Apremilast (CC-10004) in Subjects With Active Psoriatic Arthritis and a Qualifying Psoriasis Lesion",https://clinicaltrials.gov/study/NCT01212770,apremilast,open,,40,si
NCT01232283,clinicaltrials,"A Phase 3, Multicenter, Randomized, Double-Blind, Placebo-Controlled, Efficacy and Safety Study of Apremilast (CC-10004) in Subjects With Moderate to Severe Plaque Psoriasis",https://clinicaltrials.gov/study/NCT01232283,apremilast,open,,30,si
NCT01307423,clinicaltrials,"A Phase 3, Multicenter, Randomized, Double-blind, Placebo-controlled, Parallel-group, Efficacy and Safety Study of Two Doses of Apremilast (CC-10004) in Subjects With Active Psoriatic Arthritis Who Have Not Been Previously Treated With Disease-modifying Antirheumatic Drugs",https://clinicaltrials.gov/study/NCT01307423,apremilast,open,,33,si
NCT01358578,clinicaltrials,"A Randomized, Double-blind, Double-dummy, Placebo Controlled, Multicenter Study of Subcutaneous Secukinumab to Demonstrate Efficacy After Twelve Weeks of Treatment, Compared to Placebo and Etanercept, and to Assess the Safety, Tolerability and Long-term Efficacy up to One Year in Subjects With Moder",https://clinicaltrials.gov/study/NCT01358578,secukinumab,open,,28,si
NCT01392326,clinicaltrials,"A Randomized, Double-blind, Placebo-controlled, Multicenter Study of Secukinumab to Demonstrate the Efficacy at 24 Weeks and to Assess the Long Term Safety, Tolerability and Efficacy up to 2 Years in Patients With Active Psoriatic Arthritis",https://clinicaltrials.gov/study/NCT01392326,secukinumab,open,,40,si
NCT01474512,clinicaltrials,"A Multicenter Study With a Randomized, Double-Blind, Placebo-Controlled Induction Dosing Period Followed by a Randomized Maintenance Dosing Period and a Long- Term Extension Period to Evaluate the Efficacy and Safety of LY2439821 in Patients With Moderate-to-Severe Plaque Psoriasis",https://clinicaltrials.gov/study/NCT01474512,ixekizumab,open,,91,si
NCT01537432,clinicaltrials,"Phase II Randomized Double Blinded Placebo Controlled, Multiple-dose Regimen Study to Assess the Rate of Histological Clearance and Effect on Molecular Pathways as Well as on Biomarkers of 12 Months Secukinumab 300 mg s.c. Treated Patients With Chronic Plaque-type Psoriasis",https://clinicaltrials.gov/study/NCT01537432,secukinumab,open,,8,si
NCT01539213,clinicaltrials,An Exploratory Study to Investigate the Distribution of Secukinumab (AIN457) Into Dermal Interstitial Fluid Using Open Flow Microperfusion After a Single Subcutaneous Administration of 300 mg in Healthy Subjects and Psoriatic Patients,https://clinicaltrials.gov/study/NCT01539213,secukinumab,open,,2,si
NCT01544595,clinicaltrials,"A Multicenter, Double-blind, Randomized Withdrawal Extension Study of Subcutaneous Secukinumab in Prefilled Syringes to Demonstrate Long-term Efficacy, Safety, and Tolerability up to 4 Years in Subjects With Moderate to Severe Chronic Plaque-type Psoriasis Completing Preceding Psoriasis Phase III St",https://clinicaltrials.gov/study/NCT01544595,secukinumab,open,,60,si
NCT01597245,clinicaltrials,"A Multicenter, Randomized, Double-Blind, Placebo-Controlled Study Comparing the Efficacy and Safety of LY2439821 to Etanercept and Placebo in Patients With Moderate-to-Severe Plaque Psoriasis",https://clinicaltrials.gov/study/NCT01597245,ixekizumab,open,,78,si
NCT01624233,clinicaltrials,"A Multicenter, Open-Label, Long-Term Study to Evaluate the Efficacy and Safety of LY2439821 in Japanese Patients With Moderate-to-Severe Psoriasis",https://clinicaltrials.gov/study/NCT01624233,ixekizumab,open,,12,si
NCT01640951,clinicaltrials,"A Multicenter, Double-blind and Open Label, 4 Year Extension Study of Subcutaneous Secukinumab in Prefilled Syringes, Assessing Long-term Safety, Tolerability and Efficacy in Subjects With Moderate to Severe Chronic Plaque-type Psoriasis Treated With Either a Fixed Dose Regimen or on a Retreatment a",https://clinicaltrials.gov/study/NCT01640951,secukinumab,open,,44,no
NCT01646177,clinicaltrials,"A 12-Week Multicenter, Randomized, Double-Blind, Placebo-Controlled Study Comparing the Efficacy and Safety of LY2439821 to Etanercept and Placebo in Patients With Moderate to Severe Plaque Psoriasis With a Long-Term Extension Period",https://clinicaltrials.gov/study/NCT01646177,ixekizumab,open,,102,si
NCT01695239,clinicaltrials,"A Multicenter, Randomized, Double-Blind, Active and Placebo-Controlled 24-Week Study Followed by Long Term Evaluation of Efficacy and Safety of Ixekizumab (LY2439821) in Biologic Disease-Modifying Antirheumatic Drug-Naive Patients With Active Psoriatic Arthritis",https://clinicaltrials.gov/study/NCT01695239,ixekizumab,open,,31,si
NCT01777191,clinicaltrials,Pharmacokinetic Evaluations of Ixekizumab Following Subcutaneous Administration Using Prefilled Syringe or Auto-Injector in Patients With Moderate-to-Severe Plaque Psoriasis,https://clinicaltrials.gov/study/NCT01777191,ixekizumab,open,,7,si
NCT01806597,clinicaltrials,"A Randomized, Double-blind, Placebo-controlled, Multicenter Study to Demonstrate the Efficacy at 16 Weeks of Secukinumab 150 and 300 mg s.c. and to Assess Safety, Tolerability and Long-term Efficacy up to 132 Weeks in Subjects With Moderate to Severe Palmoplantar Psoriasis",https://clinicaltrials.gov/study/NCT01806597,secukinumab,open,,20,si
NCT01848028,clinicaltrials,Long-Term Benefits and Safety of Systemic Psoriasis Therapy: German Registry on the Treatment of Psoriasis With Biologics and Systemic Therapeutics,https://clinicaltrials.gov/study/NCT01848028,apremilast; ixekizumab; secukinumab,open,,2,si
NCT01952015,clinicaltrials,"A Multi-center, Open Label Study of Subcutaneous Secukinumab in Prefilled Syringes as Mono- or Co-therapy to Assess the Efficacy, Safety and Tolerability in Japanese Subjects With Generalized Pustular Psoriasis",https://clinicaltrials.gov/study/NCT01952015,secukinumab,open,,7,si
NCT01961609,clinicaltrials,"Secukinumab In Patients With Moderate to Severe Active, Chronic Plaque Psoriasis Who Have Failed on TNFα antaGoNists: A Clinical Trial EvalUating Treatment REsults",https://clinicaltrials.gov/study/NCT01961609,secukinumab,open,,18,no
NCT01965132,clinicaltrials,Korean College of Rheumatology Biologics and Targeted Therapy Registry,https://clinicaltrials.gov/study/NCT01965132,ixekizumab,open,,1,si
NCT01988103,clinicaltrials,"A Phase 2B, Multicenter, Randomized, Double-Blind, Placebo-Controlled, Efficacy and Safety Study of Two Doses of Apremilast (CC-10004) In Japanese Subjects With Moderate-To-Severe Plaque-Type Psoriasis",https://clinicaltrials.gov/study/NCT01988103,apremilast,open,,9,si
NCT01989468,clinicaltrials,"A Phase III, Randomized, Double-blind, Placebo-controlled Multicenter Study of Subcutaneous Secukinumab in Autoinjectors, to Demonstrate Efficacy at 24 Weeks and to Assess the Long Term Safety, Tolerability and Efficacy up to 3 Years in Subjects With Active Psoriatic Arthritis",https://clinicaltrials.gov/study/NCT01989468,secukinumab,open,,45,si
NCT02074982,clinicaltrials,"A 52-week, Multicenter, Randomized, Double-blind Study of Subcutaneous Secukinumab to Demonstrate Efficacy as Assessed by Psoriasis Area and Severity Index at 16 Weeks of Treatment Compared to Ustekinumab and to Assess Long-term Safety, Tolerability and Efficacy in Subjects With Moderate to Severe P",https://clinicaltrials.gov/study/NCT02074982,secukinumab,open,,25,si
NCT02144857,clinicaltrials,"Effects of Treatment With Biological Agents on Endothelial Glycocalyx,Arterial Elastic Properties, Coronary Flow, Myocardial Deformation and Twisting in Psoriasis. Comparative Study With Patients With CAD or Untreated Hypertension.",https://clinicaltrials.gov/study/NCT02144857,apremilast; plaque_psoriasis,open,,1,si
NCT02267135,clinicaltrials,"A Randomized, Double-blind, Placebo-controlled, Parallel-group, Multicenter Study to Demonstrate the Efficacy of Subcutaneous Secukinumab [300 mg] as Assessed by the Psoriasis Scalp Severity Index (PSSI) at 12 Weeks of Treatment, Compared to Placebo, and to Assess Safety and Tolerability up to 24 We",https://clinicaltrials.gov/study/NCT02267135,secukinumab,open,,3,si
NCT02294227,clinicaltrials,"A Phase III, Randomized, Double-blind, Placebo-controlled Multicenter Study of Subcutaneous Secukinumab (150 mg) in Pre-filled Syringe, With or Without Loading Regimen, to Demonstrate Efficacy, Safety and Tolerability up to 2 Years in Patients With Active Psoriatic Arthritis (FUTURE 4)",https://clinicaltrials.gov/study/NCT02294227,secukinumab,open,,32,si
NCT02349295,clinicaltrials,"A Multicenter, Randomized, Double-Blind, Placebo Controlled 24-Week Study Followed by Long Term Evaluation of Efficacy and Safety of Ixekizumab (LY2439821) in Biologic Disease-Modifying Antirheumatic Drug-Experienced Patients With Active Psoriatic Arthritis",https://clinicaltrials.gov/study/NCT02349295,ixekizumab,open,,36,si
NCT02387801,clinicaltrials,Early Onset of Clinical Improvement With Ixekizumab in Patients With Moderate-to-Severe Plaque Psoriasis,https://clinicaltrials.gov/study/NCT02387801,ixekizumab,open,,7,si
NCT02404350,clinicaltrials,"A Phase III, Randomized, Double-blind, Placebo Controlled Multi-center Study of Subcutaneous Secukinumab (150 mg and 300 mg) in Prefilled Syringe to Demonstrate Efficacy (Including Inhibition of Structural Damage), Safety, and Tolerability up to 2 Years in Subjects With Active Psoriatic Arthritis (F",https://clinicaltrials.gov/study/NCT02404350,secukinumab,open,,23,si
NCT02425826,clinicaltrials,"A Phase 4, Multicenter, Randomized, Placebo-controlled, Double-blind, Study of the Efficacy and Safety of Apremilast (CC-10004) in Subjects With Moderate Plaque Psoriasis",https://clinicaltrials.gov/study/NCT02425826,apremilast,open,,10,no
NCT02474082,clinicaltrials,"A Randomized, Controlled, Multicenter, Open-label Study With Blinded Assessment of the Efficacy of Subcutaneous Secukinumab Compared to Fumaderm® in Adults With Moderate to Severe Plaque Psoriasis.",https://clinicaltrials.gov/study/NCT02474082,secukinumab,open,,11,si
NCT02513550,clinicaltrials,"A Multicenter, Randomized, Double-Blind Study Comparing the Efficacy and Safety of Ixekizumab Dosing Regimens in Patients With Moderate-to-Severe Plaque Psoriasis",https://clinicaltrials.gov/study/NCT02513550,ixekizumab,open,,32,si
NCT02558361,clinicaltrials,A Skin and Synovial Tissue Assessment of Overlapping Genes and Their Response After 3 Months Treatment With Apremilast in Patients With Psoriatic Arthritis,https://clinicaltrials.gov/study/NCT02558361,apremilast,open,,2,si
NCT02559622,clinicaltrials,"A Randomized, Double-blind, Placebo-controlled, Multicenter, Exploratory Evaluation of Surrogate Markers of Cardiovascular Risk in Patients With Active Chronic Plaque-type Psoriasis Treated for up to 52 Weeks With Subcutaneous (s.c.) Secukinumab (300 mg or 150 mg).",https://clinicaltrials.gov/study/NCT02559622,secukinumab,open,,17,si
NCT02561806,clinicaltrials,"A 52-Week Multicenter, Randomized, Blinded, Parallel-Group Study Comparing the Efficacy and Safety of Ixekizumab to Ustekinumab in Patients With Moderate-to-Severe Plaque Psoriasis",https://clinicaltrials.gov/study/NCT02561806,ixekizumab,open,,9,si
NCT02584855,clinicaltrials,"A Phase 3, Multicenter Study With a 36-Week Open-Label Period Followed by a Randomized Double-Blind Withdrawal Period From Week 36 to Week 104 to Evaluate the Long-Term Efficacy and Safety of Ixekizumab (LY2439821) 80 mg Every 2 Weeks in Biologic Disease-Modifying Antirheumatic Drug-Naive Patients W",https://clinicaltrials.gov/study/NCT02584855,ixekizumab,open,,16,si
NCT02592018,clinicaltrials,Characterization of the Response to Secukinumab in Plaque Psoriasis Using Novel Immunologic and Genetic Profiling,https://clinicaltrials.gov/study/NCT02592018,secukinumab,open,,3,si
NCT02626793,clinicaltrials,Long-term Documentation of the Utilization of Otezla® in Patients With Plaque Psoriasis Under Routine Conditions (LAPIS-Pso),https://clinicaltrials.gov/study/NCT02626793,apremilast,open,,1,no
NCT02634801,clinicaltrials,"A 24-Week Multicenter, Randomized, Open-Label, Parallel-Group Study Comparing the Efficacy and Safety of Ixekizumab to Fumaric Acid Esters and Methotrexate in Patients With Moderate-to-Severe Plaque Psoriasis Who Are Naive to Systemic Treatment With an Extension Period",https://clinicaltrials.gov/study/NCT02634801,ixekizumab,open,,11,si
NCT02652494,clinicaltrials,Observational Study of Apremilast Use and Effectiveness Over a One Year Treatment Period in Patients With Psoriasis in The Netherlands,https://clinicaltrials.gov/study/NCT02652494,apremilast,open,,1,si
NCT02690701,clinicaltrials,"A Randomized, Double-blind, Placebo-controlled, Parallel-group, Multicenter Study to Evaluate the Effect of Secukinumab on Aortic Vascular Inflammation and Cardiometabolic Biomarkers After 12 Weeks of Treatment, Compared to Placebo, and up to 52 Weeks of Treatment With Secukinumab in Adult Subjects ",https://clinicaltrials.gov/study/NCT02690701,secukinumab,open,,6,si
NCT02718898,clinicaltrials,"A Multicenter, Randomized, Double-Blind Study Comparing the Efficacy and Safety of Ixekizumab Versus Placebo in Patients With Moderate-to-Severe Genital Psoriasis",https://clinicaltrials.gov/study/NCT02718898,ixekizumab,open,,14,si
NCT02745080,clinicaltrials,"A Randomized, Double-blind, Active Control, Multicenter Study to Evaluate the Efficacy at Week 52 of Secukinumab Monotherapy Compared With Adalimumab Monotherapy in Patients With Active Psoriatic Arthritis",https://clinicaltrials.gov/study/NCT02745080,secukinumab,open,,23,si
NCT02749370,clinicaltrials,Open Label Study to Evaluate the Efficacy of Etanercept Treatment in Subjects With Moderate to Severe Plaque Psoriasis Who Have Failed Therapy With Apremilast,https://clinicaltrials.gov/study/NCT02749370,apremilast,open,,6,si
NCT02775500,clinicaltrials,Apremilast Pregnancy Exposure Registry OTIS Autoimmune Diseases in Pregnancy Project,https://clinicaltrials.gov/study/NCT02775500,apremilast,open,,1,no
NCT02776033,clinicaltrials,"A Multicentre, Randomised, Double-blind (Sponsor-unblinded), Placebo-controlled, Repeat Dose Study to Investigate the Safety and Tolerability, Pharmacokinetics, Pharmacodynamics, and Efficacy of GSK2982772 in Subjects With Active Plaque-type Psoriasis",https://clinicaltrials.gov/study/NCT02776033,plaque_psoriasis,open,,10,si
NCT02786186,clinicaltrials,A Registry of Patients With Moderate to Severe Chronic Plaque Psoriasis in Canada and Latin AmErica (LACan),https://clinicaltrials.gov/study/NCT02786186,secukinumab,open,,1,si
NCT02798211,clinicaltrials,"A Randomized, Double-blind, Placebo-controlled, Parallel-group, Multicenter Study to Evaluate the Safety and Efficacy of Secukinumab 300 mg and 150 mg in Adult Patients With Active Psoriatic Arthritis After 16 Weeks of Treatment Compared to Placebo and to Assess the Safety, Tolerability and Efficacy",https://clinicaltrials.gov/study/NCT02798211,secukinumab,open,,16,si
NCT02826603,clinicaltrials,"A 52-week, Randomized, Double-blind Study of Secukinumab (300 mg) Compared to Ustekinumab in Subjects With Moderate to Severe Plaque Psoriasis",https://clinicaltrials.gov/study/NCT02826603,secukinumab,open,,18,si
NCT02854163,clinicaltrials,"An Exploration of the Dynamic Interaction Between IL-17, IL-17 Inhibition With (Secukinumab) and Neutrophils in Psoriatic Arthritis in Vitro and ex Vivo With Exploratory Study on the Potential Role of Vitamin D",https://clinicaltrials.gov/study/NCT02854163,secukinumab,open,,2,si
NCT02993471,clinicaltrials,Evaluation of the Effect of Ixekizumab on the Pharmacokinetics of Cytochrome P450 Substrates in Patients With Moderate-to-Severe Plaque Psoriasis,https://clinicaltrials.gov/study/NCT02993471,ixekizumab,open,,6,si
NCT03000309,clinicaltrials,Use of Apremilast in Patients Who Are Dissatisfied With Stable Maintenance Topical Therapy,https://clinicaltrials.gov/study/NCT03000309,apremilast,open,,4,si
NCT03055494,clinicaltrials,"A Randomized, Double-blind, Placebo-controlled, Parallel-group, Multicenter Study to Explore Changes in Subcutaneous Adipose Tissue and Modulation of Skin Inflammation After 12 Weeks of Treatment With Secukinumab, Compared to Placebo, and up to 52 Weeks of Treatment With Secukinumab in Adult Patient",https://clinicaltrials.gov/study/NCT03055494,secukinumab,open,,8,no
NCT03059953,clinicaltrials,"A Non-interventional, Prospective, Observational Study of Treatment With APRemilast in Moderate psoriAsIS in Real Life clinicAL Practice (The 'APRAISAL' Study)",https://clinicaltrials.gov/study/NCT03059953,apremilast,open,,4,si
NCT03073200,clinicaltrials,"Multicenter, Double-Blind, Randomized, Placebo-Controlled Study to Evaluate Safety, Tolerability, and Efficacy of Ixekizumab in Patients From 6 to Less Than 18 Years of Age With Moderate-to-Severe Plaque Psoriasis",https://clinicaltrials.gov/study/NCT03073200,ixekizumab,open,,13,si
NCT03073213,clinicaltrials,"A Phase 1, Single- and Multiple-Dose Study to Assess the Safety and Pharmacokinetics of Ixekizumab (LY2439821) (Anti-IL-17 Humanized Antibody) in Chinese Patients With Psoriasis Vulgaris",https://clinicaltrials.gov/study/NCT03073213,ixekizumab,open,,8,si
NCT03082729,clinicaltrials,"A Phase IV, Open Label Study of the Effects of Apremilast on Vascular Inflammation and Cardiometabolic Function in Psoriasis",https://clinicaltrials.gov/study/NCT03082729,apremilast,open,,4,si
NCT03096990,clinicaltrials,An Observational Study of the Real-life Management of Psoriatic Arthritis Patients Treated With Otezla® (Apremilast) in Belgium,https://clinicaltrials.gov/study/NCT03096990,apremilast,open,,1,no
NCT03151551,clinicaltrials,"A 52-Week Multicenter, Randomized, Open-Label, Parallel- Group Study Evaluating the Efficacy and Safety of Ixekizumab Versus Adalimumab in Patients With Psoriatic Arthritis Who Are Biologic Disease-Modifying Anti-Rheumatic Drug Naive",https://clinicaltrials.gov/study/NCT03151551,ixekizumab,open,,15,si
NCT03254667,clinicaltrials,"Prospective, Observational Study Brodalumab Compared With Other Therapies in the Treatment of Adults With Moderate-to-Severe Psoriasis Who Are Candidates for Systemic Therapy or Phototherapy in the Course of Actual Clinical Care",https://clinicaltrials.gov/study/NCT03254667,plaque_psoriasis,open,,1,si
NCT03364309,clinicaltrials,"A Multicenter Study With a Randomized, Double-Blind, Placebo-Controlled Induction Dosing Period Followed by a Randomized Maintenance Dosing Period to Evaluate the Efficacy and Safety of LY2439821 in Chinese Patients With Moderate-to-Severe Plaque Psoriasis",https://clinicaltrials.gov/study/NCT03364309,ixekizumab,open,,17,si
NCT03399708,clinicaltrials,Immune Metabolic Associations in Psoriatic Arthritis Study,https://clinicaltrials.gov/study/NCT03399708,apremilast,open,,1,si
NCT03442088,clinicaltrials,An Investigator Initiated Study of Monocyte Biomarkers in Moderate to Severe Plaque Psoriasis Subjects Treated With Apremilast,https://clinicaltrials.gov/study/NCT03442088,apremilast,open,,6,si
NCT03485976,clinicaltrials,Ixekizumab in the Treatment of Pityriasis Rubra Pilaris (PRP),https://clinicaltrials.gov/study/NCT03485976,ixekizumab,open,,4,si
NCT03536884,clinicaltrials,"A Multicenter, Randomized, Double-Blind, Secukinumab-Controlled, Parallel-Group Study to Evaluate the Efficacy and Safety of Bimekizumab in Adult Subjects With Moderate to Severe Chronic Plaque Psoriasis",https://clinicaltrials.gov/study/NCT03536884,secukinumab,open,,40,si
NCT03539419,clinicaltrials,Prospective Observational Study to Evaluate the Benefits for the Patient Associated With the Treatment of Plaque Psoriasis With Apremilast After Other Systemic Treatment in Conditions of Clinical Practice in Spain (APPROPRIATE Study),https://clinicaltrials.gov/study/NCT03539419,apremilast,open,,2,si
NCT03553433,clinicaltrials,"A Phase 4 Multicenter, Randomized, Placebo-controlled Study Evaluating the Effect of Apremilast on Pruritus and Quality of Life of Patients With Moderate-to-severe Scalp Psoriasis",https://clinicaltrials.gov/study/NCT03553433,apremilast,open,,1,si
NCT03573323,clinicaltrials,"A 24-Week Multicenter, Randomized, Blinded, Parallel-Group Study Comparing the Efficacy and Safety of Ixekizumab to Guselkumab in Patients With Moderate-to-Severe Plaque Psoriasis",https://clinicaltrials.gov/study/NCT03573323,ixekizumab,open,,11,si
NCT03589885,clinicaltrials,"Multicenter, rAndomized, Double-blind, Placebo-conTrolled, 52-week stUdy to demonstRatE the Efficacy, Safety and Tolerability of Secukinumab Injections With 2 mL Auto-injectors (300 mg) in Adult Subjects With Plaque Psoriasis",https://clinicaltrials.gov/study/NCT03589885,secukinumab,open,,7,si
NCT03608657,clinicaltrials,"Observational Study Evaluating the Real-World Effectiveness, Safety and Tolerability of Treatment With Apremilast in Psoriatic Arthritis Patients Followed in Canadian Routine Care (APPRAISE)",https://clinicaltrials.gov/study/NCT03608657,apremilast,open,,2,si
NCT03611751,clinicaltrials,"A Multi-Center, Randomized, Double-Blind, Placebo- and Active Comparator-Controlled Phase 3 Study With Randomized Withdrawal and Retreatment to Evaluate the Efficacy and Safety of BMS-986165 in Subjects With Moderate-to-Severe Plaque Psoriasis",https://clinicaltrials.gov/study/NCT03611751,apremilast,open,,19,si
NCT03616561,clinicaltrials,Observational Study on Quality of Life and Ultrasonographic Assessment of Nail Psoriasis After Treatment With Apremilast (JUST Study),https://clinicaltrials.gov/study/NCT03616561,apremilast,open,,2,si
NCT03623867,clinicaltrials,Prevention of Metacarpophalangeal Joints Structure Damage in Patients With Psoriatic Arthritis Using Secukinumab,https://clinicaltrials.gov/study/NCT03623867,secukinumab,open,,1,no
NCT03624127,clinicaltrials,"A Multi-Center, Randomized, Double-Blind, Placebo- and Active Comparator-Controlled Phase 3 Study to Evaluate the Efficacy and Safety of BMS-986165 in Subjects With Moderate-to-Severe Plaque Psoriasis",https://clinicaltrials.gov/study/NCT03624127,apremilast,open,,23,si
NCT03701763,clinicaltrials,"A PHASE 3, MULTI-CENTER, RANDOMIZED, DOUBLE-BLIND, PLACEBO-CONTROLLED STUDY TO ASSESS THE EFFICACY AND SAFETY OF APREMILAST (CC-10004) IN PEDIATRIC SUBJECTS FROM 6 THROUGH 17 YEARS WITH MODERATE TO SEVERE PLAQUE PSORIASIS",https://clinicaltrials.gov/study/NCT03701763,apremilast,open,,10,si
NCT03757013,clinicaltrials,Real Life Data for Otezla Evidence: Assessing Benefits of Apremilast in Patients With Moderate to Severe Chronic Plaque Psoriasis Followed by Dermatologists Under Real Life Settings in France,https://clinicaltrials.gov/study/NCT03757013,apremilast,open,,2,si
NCT03774875,clinicaltrials,"A Phase 4, Multi-center, Randomized, Double-blind, Placebo-controlled Study of the Impact of Apremilast (CC-10004) on Quality of Life, Efficacy, and Safety in Subjects With Manifestations of Plaque Psoriasis and Impaired Quality of Life",https://clinicaltrials.gov/study/NCT03774875,apremilast,open,,15,si
NCT03783026,clinicaltrials,"A Phase 4, Multicenter, Single-Arm, Open-Label Study to Evaluate the Impact of Apremilast (CC-10004) on MRI Outcomes in Subjects With Active Psoriatic Arthritis",https://clinicaltrials.gov/study/NCT03783026,apremilast,open,,5,si
NCT03828643,clinicaltrials,"Secukinumab Efficacy Without the Initial Loading Dose at Weeks 0, 1, 2, 3 and 4 in Patients With Chronic Plaque Psoriasis",https://clinicaltrials.gov/study/NCT03828643,secukinumab,open,,1,si
NCT03930186,clinicaltrials,"A Phase 3b, Open-label, Single-arm Study of the Efficacy and Safety of Apremilast, in Subjects With Plaque Psoriasis That is Not Adequately Controlled by Topical Therapy",https://clinicaltrials.gov/study/NCT03930186,apremilast,open,,4,no
NCT03942042,clinicaltrials,"A Multicenter, Open-Label, Post Marketing Clinical Trial to Evaluate the Efficacy And Safety Of Ixekizumab in Patients With Generalized Pustular Psoriasis and Erythrodermic Psoriasis",https://clinicaltrials.gov/study/NCT03942042,ixekizumab,open,,5,si
NCT03955861,clinicaltrials,An Observational Study Evaluating the Utility of Ultrasound Confirmed Enthesitis as a Prognostic Marker for Response to Biologic Therapy in Psoriatic Arthritis,https://clinicaltrials.gov/study/NCT03955861,secukinumab,open,,4,si
NCT04031027,clinicaltrials,"DARWIN: Description of Apremilast Real World Italian Psoriasis Network - a Multicenter, Observational, Cross-sectional Study to Describe Patient Characteristics and Treatment Pattern",https://clinicaltrials.gov/study/NCT04031027,apremilast,open,,1,si
NCT04080661,clinicaltrials,Evaluation of the Predictive Value of Early Serum Trough Concentrations and Anti-drug Antibodies of Secukinumab and the Development of a Concentration Response Curve of Secukinumab for Psoriasis Patients.,https://clinicaltrials.gov/study/NCT04080661,secukinumab,open,,1,si
NCT04083612,clinicaltrials,Evaluation of the Predictive Value of Early Serum Trough Concentrations and Anti-drug Antibodies of Ixekizumab and the Development of Concentration-response Curve of Ixekizumab for Psoriasis Patients,https://clinicaltrials.gov/study/NCT04083612,ixekizumab,open,,1,si
NCT04102007,clinicaltrials,"A Phase 3b, Multicenter, Interventional, Open-label Study of Adult Subjects With Moderate to Severe Plaque Psoriasis Who Have a Suboptimal Response to Secukinumab or Ixekizumab and Are Switched to Risankizumab",https://clinicaltrials.gov/study/NCT04102007,ixekizumab; secukinumab,open,,8,si
NCT04133506,clinicaltrials,Defining a PGE2 Pathway in Regulating Eczema,https://clinicaltrials.gov/study/NCT04133506,plaque_psoriasis,open,,4,si
NCT04175613,clinicaltrials,"A Phase 3b, Multi Center, Open-label, Long-term Extension Study of Apremilast (CC-10004) in Pediatric Subjects From 6 Through 17 Years of Age With Moderate to Severe Plaque Psoriasis",https://clinicaltrials.gov/study/NCT04175613,apremilast,open,,1,no
NCT04209205,clinicaltrials,"A Randomized, Double-blind, Placebo-controlled, Parallel Group, Phase III Multicenter Study of Intravenous Secukinumab to Compare Efficacy at 16 Weeks With Placebo and to Assess Safety and Tolerability up to 52 Weeks in Subjects With Active Psoriatic Arthritis",https://clinicaltrials.gov/study/NCT04209205,secukinumab,open,,18,si
NCT04340076,clinicaltrials,"Dose Reduction of the New Generation Biologicals (IL17 and IL23 Inhibitors) in Psoriasis: A Pragmatic, Multicentre, Randomized, Controlled, Non-inferiority Study - BeNeBio Study",https://clinicaltrials.gov/study/NCT04340076,ixekizumab,open,,1,si
NCT04347798,clinicaltrials,IMPact of Inflammatory Arthritis on COVID-19 sTudy of the RAPPORT-ONTRAAC and FORCAST Rheumatic Disease Registries,https://clinicaltrials.gov/study/NCT04347798,plaque_psoriasis,open,,4,si
NCT04372277,clinicaltrials,"Open Label Study, Evaluating Taltz in Combination With Enstilar (Calcipotriene and Betamethasone Dipropionate) Foam in Psoriasis Patients",https://clinicaltrials.gov/study/NCT04372277,ixekizumab,open,,1,si
NCT04414605,clinicaltrials,Oral Chinese Herbal Medicine Formula (Gu Ben Hua Yu Fang) Concurrent With Secukinumab for Severe Plaque Psoriasis,https://clinicaltrials.gov/study/NCT04414605,secukinumab,open,,1,no
NCT04459780,clinicaltrials,Characterization and Functionality of Calcium Channels Cav1.4 of Th17 Lymphocytes in Human With Psoriasis,https://clinicaltrials.gov/study/NCT04459780,plaque_psoriasis,open,,2,si
NCT04515732,clinicaltrials,"Prevalence, Pattern and Disease Course og Arthritis and Enthesitis in Patients With Psoriasis, and Effect of Apremilast in Subclinical, US-defined Psoriatic Arthritis - a Population Based Study Applying Clinical, Ultrasonic, MRI and Patient-reported Outcomes",https://clinicaltrials.gov/study/NCT04515732,apremilast,open,,1,si
NCT04537689,clinicaltrials,Outcomes With Treatment and Withdraw of Ixekizumab in Patients With Plaque Psoriasis Compared to Standard Care --- a Pragmatic Observational Study,https://clinicaltrials.gov/study/NCT04537689,ixekizumab,open,,5,si
NCT04555707,clinicaltrials,The Maintenance Effect of Enstilar Foam in Combination With Otezla,https://clinicaltrials.gov/study/NCT04555707,apremilast,open,,1,si
NCT04572997,clinicaltrials,"A Multicenter, Open Label, Single-arm Pilot Study to Evaluate the Efficacy and Safety of Oral Apremilast in Patients With Moderate to Severe Palmoplantar Pustulosis (PPP) (APLANTUS)",https://clinicaltrials.gov/study/NCT04572997,apremilast,open,,7,si
NCT04610476,clinicaltrials,"A Prospective, Randomized, Controlled, Open Label, Assessor-blinded, Parallel-group Phase III Clinical Trial to Evaluate the Impact of Tapering Systemic Immunosuppressive Therapy in a Treat-to-target Approach on Maintaining Minimal Disease Activity in Adult Subjects With Psoriatic Arthritis",https://clinicaltrials.gov/study/NCT04610476,apremilast; ixekizumab; secukinumab,open,,2,si
NCT04632927,clinicaltrials,"A 28-week, Randomized, Double-blind, Active Controlled, Multicenter Study to Evaluate the Efficacy of Subcutaneously Administered Secukinumab Compared to Ustekinumab in Adult Patients With Psoriatic Arthritis and Failure of TNFα- Inhibitor Treatment (AgAIN)",https://clinicaltrials.gov/study/NCT04632927,secukinumab,open,,6,si
NCT04711343,clinicaltrials,"A Randomized, Double-blinded, Single-dose, 3-arms Parallel, Comparative Study to Evaluate the Pharmacokinetics and Safety of BAT2306 Injection vs Secukinumab Injection (Cosentyx®) in Healthy Chinese Male Subjects",https://clinicaltrials.gov/study/NCT04711343,secukinumab,open,,1,si
NCT04717466,clinicaltrials,"Brain Morphological Changes Accompanied by Effective Biologic Treatments for Psoriasis and Their Associations With the Improvement of Well-being, Itch, and Pain",https://clinicaltrials.gov/study/NCT04717466,secukinumab,open,,4,si
NCT04967950,clinicaltrials,An Efficacy Study of Secukinumab in Enthesitis of Psoriatic Arthritis Patients as Measured by Imaging Test,https://clinicaltrials.gov/study/NCT04967950,secukinumab,open,,1,si
NCT05042635,clinicaltrials,"A Multi-center, Randomized, Double-blind Controlled Study on the Sequential Treatment of Psoriasis With Traditional Chinese and Western Medicine",https://clinicaltrials.gov/study/NCT05042635,ixekizumab,open,,1,si
NCT05049798,clinicaltrials,"Assessment of Guselkumab (Tremfya) and IL-17 Inhibitor Therapies in Patients With Psoriatic Arthritis in Routine Clinical Practice; A Prospective, Observational Cohort Study",https://clinicaltrials.gov/study/NCT05049798,plaque_psoriasis,open,,1,si
NCT05080218,clinicaltrials,The SARS-CoV-2 Vaccine Response and Safety in Rheumatology Patients and the Influence of Temporary Interruptions in Immunomodulatory Therapy,https://clinicaltrials.gov/study/NCT05080218,ixekizumab; secukinumab,open,,3,si
NCT05174065,clinicaltrials,"A Phase 3, Multicenter, Randomized, Double-blind, Placebo-controlled Study to Evaluate the Efficacy and Safety of Apremilast (AMG 407) in Japanese Subjects With Palmoplantar Pustulosis (PPP)",https://clinicaltrials.gov/study/NCT05174065,apremilast,open,,10,si
NCT05215561,clinicaltrials,"A Special Drug Use-results Survey to Evaluate the Safety and Efficacy of Subcutaneous Administration of Cosentyx in Pediatric Patients With Psoriasis Vulgaris, Psoriatic Arthritis, or Pustular Psoriasis",https://clinicaltrials.gov/study/NCT05215561,secukinumab,open,,1,si
NCT05320159,clinicaltrials,"Characteristics, Treatment Patterns, and Treatment Satisfaction Among Psoriasis Patients Treated With Cosentyx (Secukinumab)",https://clinicaltrials.gov/study/NCT05320159,apremilast; ixekizumab; secukinumab,open,,1,si
NCT05503875,clinicaltrials,Immunoclassification of Psoriasis: a Strategy for Precision Medicine,https://clinicaltrials.gov/study/NCT05503875,ixekizumab,open,,1,si
NCT05601492,clinicaltrials,Adherence to Otezla in Patients With Mild Psoriasis,https://clinicaltrials.gov/study/NCT05601492,apremilast,open,,1,si
NCT05650060,clinicaltrials,The Characteristics of Patients Treated With Secukinumab for Moderate to Severe Plaque Psoriasis in Real-world Practice in Thailand,https://clinicaltrials.gov/study/NCT05650060,secukinumab,open,,1,si
NCT05677542,clinicaltrials,"Secukinumab (Cosentyx®) Effectiveness in Axial Spondyloarthritis and Psoriatic Arthritis Patients Using Artificial Intelligence (SpAINET): Spanish Multicenter, Retrospective, Real World Evidence Study",https://clinicaltrials.gov/study/NCT05677542,secukinumab,open,,1,si
NCT05767814,clinicaltrials,Role of Ultrasonographic and Tissue Biomarkers in Optimization of Psoriatic and Seronegative Rheumatoid Arthritis Patients Selection and Treatment Outcomes of Biologic Therapies.,https://clinicaltrials.gov/study/NCT05767814,plaque_psoriasis,open,,3,si
NCT05787236,clinicaltrials,"Moderate-to-severe Plaque Psoriasis Patients Response to Secukinumab Treatment in Real-world Setting: a Monocentric, Retrospective Study",https://clinicaltrials.gov/study/NCT05787236,secukinumab,open,,1,si
NCT05855967,clinicaltrials,"A 24-Week Multicenter, Open-label, Single-arm, Phase 4 Study to Evaluate the Safety of Ixekizumab in Patients With Moderate-to-Severe Plaque Psoriasis or Active Psoriatic Arthritis in India",https://clinicaltrials.gov/study/NCT05855967,ixekizumab,open,,7,si
NCT05891964,clinicaltrials,Outcome of Treatment With Secukinumab in the Treatment of Moderate to Severe Plaque Psoriasis at Tertiary Care Hospital.,https://clinicaltrials.gov/study/NCT05891964,secukinumab,open,,2,si
NCT06032858,clinicaltrials,Efficacy and Safety of Apremilast in Patients With Moderate to Severe Chronic Plaque Psoriasis,https://clinicaltrials.gov/study/NCT06032858,apremilast,open,,2,si
NCT06084663,clinicaltrials,"An Open Label, Balanced, Randomized, Two-treatment, Two-period, Two-sequence, Single Oral Dose, Cross Over Bioequivalence Study of Two Products of Apremilast 30 mg Tablets in Normal, Healthy, Adult, Human Subjects Under Fasting Condition",https://clinicaltrials.gov/study/NCT06084663,apremilast,open,,1,si
NCT06088043,clinicaltrials,"A Phase 3, Randomized, Multicenter, Double-Blind, Placebo- and Active Comparator-Controlled Study to Evaluate the Efficacy, Safety, and Tolerability of TAK-279 in Subjects With Moderate-to-Severe Plaque Psoriasis",https://clinicaltrials.gov/study/NCT06088043,apremilast,open,,1,si
NCT06108544,clinicaltrials,"A Phase 3, Randomized, Multicenter, Double-Blind, Placebo- and Active Comparator-Controlled Study With a Randomized Withdrawal and Retreatment Period to Evaluate the Efficacy, Safety, and Tolerability of TAK-279 in Subjects With Moderate-to-Severe Plaque Psoriasis",https://clinicaltrials.gov/study/NCT06108544,apremilast,open,,1,si
NCT06122649,clinicaltrials,"A Phase 3b, Multicenter, Randomized, Double-blind, Placebo-controlled, Efficacy and Safety Study of Apremilast 30 mg Twice Daily in Chinese Subjects With Moderate to Severe Plaque-type Psoriasis",https://clinicaltrials.gov/study/NCT06122649,apremilast,open,,1,si
NCT06172426,clinicaltrials,Incidence of Psoriatic Arthritis Among Psoriasis Patients Newly Initiated With Secukinumab in a US Claims Database and a UK Registry,https://clinicaltrials.gov/study/NCT06172426,apremilast; secukinumab,open,,1,si
NCT06247319,clinicaltrials,"A Non-interventional, Prospective Study to Evaluate the Effectiveness of Risankizumab in Patients With Recent Diagnosis of Moderate Plaque Psoriasis in a Real Life Setting in Greece- the REDEFINE Study",https://clinicaltrials.gov/study/NCT06247319,apremilast,open,,4,si
NCT06374979,clinicaltrials,Efficacy and Safety of Ixekizumab in Patients with Refractory Guttate Psoriasis,https://clinicaltrials.gov/study/NCT06374979,ixekizumab,open,,1,si
NCT06398106,clinicaltrials,"Proactive Therapeutic Drug Monitoring Versus Routine Care With the Novel Biologics in Psoriasis : a Pragmatic, Multicentric, Randomised, Controlled Study",https://clinicaltrials.gov/study/NCT06398106,ixekizumab; secukinumab,open,,4,si
NCT06399432,clinicaltrials,Mediterranean Diet vs no Dietary Intervention for Improving Signs and Symptoms of Psoriasis in Patients Treated With Anti-IL-17 or Anti-IL-23 Inhibitors,https://clinicaltrials.gov/study/NCT06399432,secukinumab,open,,2,si
NCT06408454,clinicaltrials,"Determination of IL-17, Bcl-3, AND IκBζ Expression Levels in the Gingival Crevicular Fluid of Psoriasis Patients",https://clinicaltrials.gov/study/NCT06408454,plaque_psoriasis,open,,1,si
NCT06588283,clinicaltrials,"Efficacy and Safety of Ixekizumab or Ixekizumab Concomitantly Administered With Tirzepatide in Adult Participants With Moderate-to-Severe Plaque Psoriasis and Obesity or Overweight: A Phase 3b, Randomized, Multicenter, Open-Label Study (TOGETHER-PsO)",https://clinicaltrials.gov/study/NCT06588283,ixekizumab,open,,2,si
NCT06588296,clinicaltrials,"Efficacy and Safety of Ixekizumab or Ixekizumab Concomitantly Administered With Tirzepatide in Adult Participants With Active Psoriatic Arthritis and Obesity or Overweight: A Phase 3b, Randomized, Multicenter, Open-Label Study (TOGETHER-PsA)",https://clinicaltrials.gov/study/NCT06588296,ixekizumab,open,,2,si
NCT06600009,clinicaltrials,Treatment Persistence of Biologics in Patients with PsA in Japan; Retrospective Cohort Study Using a Claims Database (The FLYWAY Study),https://clinicaltrials.gov/study/NCT06600009,secukinumab,open,,2,si
NCT06642207,clinicaltrials,Effect of IL17 Inhibitor in Comparison With Anti-TNF- α on Platelet Count and Its Association With Disease Activity in Patients With Ankylosing Spondylitis,https://clinicaltrials.gov/study/NCT06642207,plaque_psoriasis,open,,4,si
NCT06715254,clinicaltrials,"TuBerculosis Incidence in AS, PsA or Pso Patients Treated With Secukinumab: Real World Evidence in Brazilian Environment (ToBeReal)",https://clinicaltrials.gov/study/NCT06715254,secukinumab,open,,2,no
NCT06786936,clinicaltrials,Evaluating the Role of IL-17 as an Orchestrator of Peripheral-central Cross Talk in Depressive Symptoms,https://clinicaltrials.gov/study/NCT06786936,ixekizumab,open,,2,si
NCT06811558,clinicaltrials,A Multicenter Head-to-head Comparison of Ixekizumab Vs. Secukizumab in Over 70-year-old Patients with Moderate-to-severe Plaque Psoriasis,https://clinicaltrials.gov/study/NCT06811558,ixekizumab,open,,2,si
NCT06857942,clinicaltrials,"A Phase 4, Prospective, Open-Label, Single Arm Study to Assess the Effectiveness of Tirzepatide After Initiation of Ixekizumab in Adult Participants With Moderate-to-Severe Plaque Psoriasis and Obesity or Overweight in Clinical Practice",https://clinicaltrials.gov/study/NCT06857942,ixekizumab,open,,1,si
NCT06863493,clinicaltrials,Study of the Safety and Effectiveness of Oral SFA-002 Compared to Oral Apremilast (Otezla) Tablets and Placebo in Mild to Severe Plaque Psoriasis,https://clinicaltrials.gov/study/NCT06863493,apremilast,open,,2,si
NCT06864026,clinicaltrials,"A Phase 4, Prospective, Open-Label, Single-Arm Study to Assess the Effectiveness of Tirzepatide After Initiation of Ixekizumab in Adult Participants With Active Psoriatic Arthritis and Overweight or Obesity in Clinical Practice.",https://clinicaltrials.gov/study/NCT06864026,ixekizumab,open,,1,si
NCT06945107,clinicaltrials,"A Phase III, Multicenter, Randomized, Double-Blind, Active-Controlled Study to Evaluate the Efficacy and Safety of Switching to Picankibart in Patients With Plaque Psoriasis With an Inadequate Response to Interleukin-17 Monoclonal Antibody Therapy",https://clinicaltrials.gov/study/NCT06945107,ixekizumab,open,,2,si
NCT07021495,clinicaltrials,"A Prospective, Multi-Center, Observational Biomarker Real-World Evidence Study for In-Depth Profiling of Patients With Chronic Immune-Mediated Inflammatory Skin Diseases in Daily Practice",https://clinicaltrials.gov/study/NCT07021495,ixekizumab; plaque_psoriasis,open,,6,si
NCT07041112,clinicaltrials,Pharmacogenetic Observational Study Evaluating the Influence of Genetic Variants and Cardiometabolic Risk Factors on 10-Year Survival of Biologic Therapies in Patients With Cutaneous Psoriasis With or Without Psoriatic Arthritis,https://clinicaltrials.gov/study/NCT07041112,ixekizumab,open,,2,si
NCT07138898,clinicaltrials,Immunosuppressant Management in Rheumatology Patients Undergoing Elective Total Shoulder Arthroplasty,https://clinicaltrials.gov/study/NCT07138898,ixekizumab,open,,1,si
NCT07140666,clinicaltrials,Analysis of Influence Factors on Osteopenia in Different Treatment of Psoriasis,https://clinicaltrials.gov/study/NCT07140666,secukinumab,open,,2,si
NCT07151508,clinicaltrials,Successful Treatment of Netherton Syndrome With Combination of Secukinumab and Dupilumab.,https://clinicaltrials.gov/study/NCT07151508,secukinumab,open,,1,si
NCT07169682,clinicaltrials,Effects of IL17/23 Inhibitors on Markers of Subclinical Atherosclerosis in Patients With Psoriasis: an Observational Study,https://clinicaltrials.gov/study/NCT07169682,apremilast,open,,2,si
NCT07190391,clinicaltrials,"A Multi-center, Single-arm, Open-label, Phase 4 Clinical Study to Evaluate the Efficacy and Safety of Apremilast in Patients With Moderate-to-severe Psoriasis",https://clinicaltrials.gov/study/NCT07190391,apremilast,open,,1,si
NCT07254325,clinicaltrials,"Phase I Comparison of Pharmacokinetics, Safety, and Immunogenicity of New Process CMAB015 Injection and Cosentyx in a Randomized, Double-blind, Parallel Controlled, Single-dose Study in Healthy Chinese Male Subjects",https://clinicaltrials.gov/study/NCT07254325,secukinumab,open,,1,si
NCT07352566,clinicaltrials,Utilization of a Cutaneous Therapy In Situ Microdevice,https://clinicaltrials.gov/study/NCT07352566,apremilast; ixekizumab; secukinumab,open,,2,si
NCT07366268,clinicaltrials,"Evaluation of Topical Apremilast Nanoparticles in the Treatment of Plaque Psoriasis: Clinical, Histopathological and Immunohistochemical Study",https://clinicaltrials.gov/study/NCT07366268,apremilast,open,,2,si
NCT07386717,clinicaltrials,Upadacitinib Versus IL-17 Inhibitors in Patients With Psoriatic Arthritis: A Cohort Study,https://clinicaltrials.gov/study/NCT07386717,ixekizumab; plaque_psoriasis,open,,2,si
NCT07432386,clinicaltrials,Comparison of Efficacy of Methotrexate Versus Apremilast in the Treatment of Pruritus in Psoriasis: A Randomized Controlled Trial,https://clinicaltrials.gov/study/NCT07432386,apremilast,open,,2,si
NCT07443956,clinicaltrials,Combination of Biologic and Anti-obesity Therapies in Psoriatic Arthritis,https://clinicaltrials.gov/study/NCT07443956,ixekizumab,open,,2,si
NCT07448402,clinicaltrials,National Registry of Patients With Psoriatic Disease Receiving Interleukin-23 Inhibitor Therapy Within the Costa Rican Social Security System,https://clinicaltrials.gov/study/NCT07448402,plaque_psoriasis,open,,2,si
NCT07485764,clinicaltrials,"A Randomized, Double-Blind, Placebo-Controlled, Multicenter Clinical Trial to Evaluate the Efficacy and Safety of Metformin in Combination With Secukinumab for the Treatment of Moderate-to-Severe Plaque Psoriasis in Overweight or Obese Chinese Patients",https://clinicaltrials.gov/study/NCT07485764,secukinumab,open,,3,si
NCT07543640,clinicaltrials,EFFICACY OF ROFLUMILAST IN THE TREATMENT OF FLEXURAL AND/OR GENITAL PSORIASIS: A RANDOMIZED CONTROLLED TRIAL.,https://clinicaltrials.gov/study/NCT07543640,apremilast,open,,3,si
NCT07683065,clinicaltrials,SEC-HOPE: A Multicenter Retrospective Cohort Study to Estimate Secukinumab Retention Rate in Psoriasis Patients With MASLD,https://clinicaltrials.gov/study/NCT07683065,secukinumab,open,,1,si
41297955,pubmed,"Apremilast in Japanese patients with palmoplantar pustulosis: A randomized, Phase 3 trial.",https://pubmed.ncbi.nlm.nih.gov/41297955/,apremilast,open,10.1111/jdv.70166,3,si
41340213,pubmed,"Apremilast, Methotrexate and NB-UVB Phototherapy for Moderate to Severe Psoriasis: Efficacy, Safety, and Immunomodulation in Comparison.",https://pubmed.ncbi.nlm.nih.gov/41340213/,apremilast,abstract_only,10.1111/phpp.70066,4,si
41350512,pubmed,Deucravacitinib in Plaque Psoriasis After Inadequate Response to Apremilast: Phase 3 POETYK Analysis.,https://pubmed.ncbi.nlm.nih.gov/41350512/,apremilast,open,10.1007/s13555-025-01606-9,4,si
41369155,pubmed,"Results from the 32-week, phase 3 DISCREET study of apremilast in patients with moderate to severe genital psoriasis.",https://pubmed.ncbi.nlm.nih.gov/41369155/,apremilast,open,10.1111/jdv.70110,4,si
41393637,pubmed,Refractory Chronic Plaque Psoriasis and Psoriatic Arthritis Successfully Managed With Combined Secukinumab and Apremilast Therapy: A Case Report.,https://pubmed.ncbi.nlm.nih.gov/41393637/,apremilast,open,10.7759/cureus.96555,2,si
41399715,pubmed,Global Research Trends in Apremilast for Psoriasis: A Bibliometric Analysis (2008-2024).,https://pubmed.ncbi.nlm.nih.gov/41399715/,apremilast,open,10.2147/CCID.S547013,3,si
41502380,pubmed,Relative Efficacy of Immunomodulatory Monotherapies for Psoriasis of the Scalp: A Network Meta-Analysis Study.,https://pubmed.ncbi.nlm.nih.gov/41502380/,apremilast,open,10.1111/jocd.70662,4,si
41503778,pubmed,Apremilast Associated Clinical Improvement in Bullous Pemphigoid With Plaque Psoriasis.,https://pubmed.ncbi.nlm.nih.gov/41503778/,apremilast,abstract_only,10.1111/1346-8138.70132,1,si
41537947,pubmed,Outcomes in Patients with Psoriasis Following Apremilast Treatment: Results from the German Psoriasis Registry PsoBest.,https://pubmed.ncbi.nlm.nih.gov/41537947/,apremilast,open,10.1007/s13555-025-01631-8,4,si
41596733,pubmed,Systemic Treatment Strategies for Patients with Psoriasis and Psoriatic Arthritis in the Setting of ANA Positivity or Lupus Spectrum Disease: A Comprehensive Systematic Review.,https://pubmed.ncbi.nlm.nih.gov/41596733/,apremilast,open,10.3390/ijms27021093,5,si
41643746,pubmed,Apremilast improves skin outcomes in pediatric plaque psoriasis of shorter disease duration: 52-week results from the SPROUT phase 3 trial.,https://pubmed.ncbi.nlm.nih.gov/41643746/,apremilast,abstract_only,10.1016/j.jaad.2026.01.072,1,si
41657209,pubmed,Two-Year Real-World Effectiveness of Deucravacitinib in Psoriasis: The Analysis Stratified by Prior Apremilast or Biologic Therapy.,https://pubmed.ncbi.nlm.nih.gov/41657209/,apremilast,abstract_only,10.1111/1346-8138.70175,3,si
41670195,pubmed,Effectiveness of Apremilast in Patients With Palmoplantar Pustulosis: A 28-Week Real-World Study.,https://pubmed.ncbi.nlm.nih.gov/41670195/,apremilast,abstract_only,10.1111/1346-8138.70184,3,si
41691303,pubmed,Topical delivery of high-drug-loading nanoparticle gels for psoriasis treatment.,https://pubmed.ncbi.nlm.nih.gov/41691303/,apremilast,open,10.1186/s12951-026-04120-y,3,si
41693611,pubmed,A Case of Bullous Pemphigoid Coexisted With Psoriasis Vulgaris Successfully Treated by Apremilast.,https://pubmed.ncbi.nlm.nih.gov/41693611/,apremilast,abstract_only,10.1111/1346-8138.70189,1,si
41732098,pubmed,"On-label persistence in psoriasis after switching to guselkumab, tumor necrosis factor inhibitors, interleukin-17 inhibitors, or apremilast from other advanced therapies.",https://pubmed.ncbi.nlm.nih.gov/41732098/,apremilast,abstract_only,10.1080/09546634.2026.2631903,2,si
41747955,pubmed,Impact of deucravacitinib on NLR and other inflammatory biomarkers of cardiovascular risk in psoriasis: Posthoc analyses of phase 3 trials.,https://pubmed.ncbi.nlm.nih.gov/41747955/,apremilast,abstract_only,10.1016/j.jid.2026.01.043,1,si
41825623,pubmed,Risk of infections in patients with psoriasis treated with biologic agents and new oral small molecules: BIOBADADERM registry.,https://pubmed.ncbi.nlm.nih.gov/41825623/,ixekizumab,abstract_only,10.1016/j.jid.2026.03.004,3,si
41830197,pubmed,Ixekizumab optimization in moderate-to-severe plaque psoriasis in real clinical practice: a retrospective multicenter study.,https://pubmed.ncbi.nlm.nih.gov/41830197/,ixekizumab,abstract_only,10.1111/ddg.70212,1,si
41830495,pubmed,PDE4 inhibition in pediatric psoriasis: analysis of the SPROUT study on apremilast.,https://pubmed.ncbi.nlm.nih.gov/41830495/,apremilast; ixekizumab,abstract_only,10.1080/14656566.2026.2644381,3,si
41836845,pubmed,Comparative risk of psoriatic arthritis in psoriasis patients on immunomodulators.,https://pubmed.ncbi.nlm.nih.gov/41836845/,ixekizumab,open,10.1080/08998280.2025.2596529,2,si
41851588,pubmed,Comparison of the Effects and Safety of Planned Limited-Time Withdrawal Versus Continuous Maintenance of Interleukin Inhibitors in Patients with Psoriasis: A Systematic Review and Network Meta-Analysis.,https://pubmed.ncbi.nlm.nih.gov/41851588/,ixekizumab,open,10.1007/s13555-026-01709-x,4,si
41876147,pubmed,Comparative effectiveness and predictors of remission between adalimumab and ixekizumab in patients with psoriatic arthritis: findings from the 'AIRE' multicentre study.,https://pubmed.ncbi.nlm.nih.gov/41876147/,ixekizumab,open,10.1136/rmdopen-2025-006667,4,si
41888636,pubmed,IL-17A Inhibitors Therapy Affect Oral Fungal and Bacterial Microbiome in Psoriasis.,https://pubmed.ncbi.nlm.nih.gov/41888636/,ixekizumab,abstract_only,10.1111/exd.70237,4,si
41900834,pubmed,From Convenience to Clinical Efficacy: Selective TYK2 Inhibition in Psoriasis and the Evolving Role of Next-Generation Oral Targeted Therapies.,https://pubmed.ncbi.nlm.nih.gov/41900834/,apremilast,open,10.3390/pharmaceutics18030347,4,si
41900935,pubmed,Pharmacomicrobiomics in Psoriasis: Microbiome-Drug Interactions Across Systemic Treatments.,https://pubmed.ncbi.nlm.nih.gov/41900935/,apremilast,open,10.3390/life16030415,4,si
41912199,pubmed,Hepatic Safety of IL-17 Inhibitors in Psoriasis and Psoriatic Arthritis: A 12-Month Retrospective Cohort Evaluation Using the FIB-4 Index.,https://pubmed.ncbi.nlm.nih.gov/41912199/,ixekizumab,open,10.5826/dpc.1601a6746,3,si
41931692,pubmed,Eruptive Lentiginosis Within Resolved Psoriasis Plaques: A Case Report and Systematic Review of the Literature.,https://pubmed.ncbi.nlm.nih.gov/41931692/,ixekizumab,abstract_only,10.36849/jdd.9557,4,si
41939653,pubmed,Psoriasis Flare Following Interleukin-17 (IL-17) Inhibition and Recent Streptococcal Infection: A Case Report Highlighting Management Complexity.,https://pubmed.ncbi.nlm.nih.gov/41939653/,ixekizumab,open,10.7759/cureus.104614,2,si
41948989,pubmed,"Palmoplantar pustulosis: pathogenesis, differential diagnosis, and treatment.",https://pubmed.ncbi.nlm.nih.gov/41948989/,apremilast,open,10.1111/ddg.70238x,3,si
41957317,pubmed,Targeting TYK2 in Cutaneous Autoimmunity: Deucravacitinib-Induced Remission of Discoid Lupus and Psoriasis with Supportive Confocal Microscopy Findings.,https://pubmed.ncbi.nlm.nih.gov/41957317/,ixekizumab,open,10.1007/s13555-026-01742-w,3,si
41969291,pubmed,Interleukin-17A inhibitors for guttate psoriasis treatment: A retrospective cohort study.,https://pubmed.ncbi.nlm.nih.gov/41969291/,ixekizumab,open,10.1016/j.jdin.2026.01.006,1,si
41972171,pubmed,Baseline Th17/Tc17 and LAG-3 levels serve as candidate exploratory markers for early ixekizumab response in psoriasis.,https://pubmed.ncbi.nlm.nih.gov/41972171/,ixekizumab,open,10.3389/fimmu.2026.1653033,3,si
41978521,pubmed,Safety of biologic therapy in psoriasis patients with a previous malignancy: Retrospective study using TriNetX.,https://pubmed.ncbi.nlm.nih.gov/41978521/,apremilast,abstract_only,10.1111/ddg.70051,3,si
41992713,pubmed,Efficacy and Safety of Xeligekimab Compared to Other IL-17A Inhibitors for Chinese Patients with Moderate-to-severe Plaque Psoriasis: A Matching-adjusted Indirect Comparisons.,https://pubmed.ncbi.nlm.nih.gov/41992713/,ixekizumab,open,10.2340/actadv.v106.adv-2025-0183,3,si
41999064,pubmed,Systemic Treatment and Outcome in Erythrodermic Psoriasis: A Retrospective Multicenter Study.,https://pubmed.ncbi.nlm.nih.gov/41999064/,ixekizumab,abstract_only,10.1111/ijd.70422,2,si
42005509,pubmed,Psoriasis flare following tirzepatide initiation in a patient with plaque psoriasis in remission: A case report.,https://pubmed.ncbi.nlm.nih.gov/42005509/,ixekizumab,open,10.1016/j.jdcr.2026.02.006,1,si
42019563,pubmed,Comparative risk of serious infections across biological drugs in patients with psoriatic arthritis or psoriasis: A target trial emulation using the Italian VALORE distributed database network.,https://pubmed.ncbi.nlm.nih.gov/42019563/,ixekizumab,abstract_only,10.1016/j.phrs.2026.108198,4,si
42033062,pubmed,Refractory Psoriatic Lesions in Japanese Patients With Biologics.,https://pubmed.ncbi.nlm.nih.gov/42033062/,apremilast; ixekizumab,abstract_only,10.1111/1346-8138.70289,3,si
42039187,pubmed,CD4+ and CD8+ T cells contribute to psoriasis phenotype when integrated into human skin equivalents for drug testing.,https://pubmed.ncbi.nlm.nih.gov/42039187/,apremilast,open,10.3389/fimmu.2026.1790531,3,si
42041098,pubmed,Immunoregulation by DC and T cells in psoriasis with probable immunotherapeutic approaches.,https://pubmed.ncbi.nlm.nih.gov/42041098/,apremilast; ixekizumab,abstract_only,10.1080/08830185.2026.2650139,4,si
42047106,pubmed,Glycolic acid-integrated nanostructured lipid carriers of apremilast and quercetin co-delivery for the management of psoriasis.,https://pubmed.ncbi.nlm.nih.gov/42047106/,apremilast,open,10.1080/20415990.2026.2662182,3,si
42067124,pubmed,The effect of apremilast on epicardial adipose tissue in psoriasis.,https://pubmed.ncbi.nlm.nih.gov/42067124/,apremilast,abstract_only,10.1016/j.jid.2026.04.009,1,si
42079624,pubmed,Case Report: Upadacitinib and apremilast combination therapy for guselkumab-induced paradoxical eczema in psoriasis.,https://pubmed.ncbi.nlm.nih.gov/42079624/,apremilast,open,10.3389/fimmu.2026.1696255,2,si
42082393,pubmed,Serious infection risk with systemic treatments for psoriasis: a cohort study from the British Association of Dermatologists Biologics and Immunomodulators Register (BADBIR).,https://pubmed.ncbi.nlm.nih.gov/42082393/,apremilast,abstract_only,10.1093/bjd/ljag174,4,si
42083648,pubmed,Safety of IL-17A Inhibitors in Patients With Moderate to Severe Psoriasis in a US Claims Data-Based Cohort Study.,https://pubmed.ncbi.nlm.nih.gov/42083648/,ixekizumab,open,10.1177/24755303261446193,2,si
42084657,pubmed,Effects of Guselkumab on Structural Damage Progression in Patients with Active Psoriatic Arthritis.,https://pubmed.ncbi.nlm.nih.gov/42084657/,ixekizumab,open,10.1007/s12325-026-03563-x,3,si
42088509,pubmed,Acute erythrodermic psoriasis complicated by systemic capillary leak syndrome following secukinumab therapy: a case report.,https://pubmed.ncbi.nlm.nih.gov/42088509/,apremilast; secukinumab,open,10.3389/fimmu.2026.1813490,3,si
42089905,pubmed,Apremilast therapy increases CD39+CD4+ T cells in peripheral blood of patients with psoriatic disease: a retrospective observational pilot study.,https://pubmed.ncbi.nlm.nih.gov/42089905/,apremilast,open,10.1007/s00296-026-06114-3,3,si
42090972,pubmed,Promoting keratinocyte psoriasiform changes and IL-17RE expression: Potential role of GLT1D1 in linear psoriasis.,https://pubmed.ncbi.nlm.nih.gov/42090972/,ixekizumab,abstract_only,10.1016/j.molimm.2026.03.007,4,si
42104419,pubmed,Phenotype-dependent effects of IL-17A inhibitors on lipid profiles in moderate-to-severe plaque psoriasis: a retrospective cohort study.,https://pubmed.ncbi.nlm.nih.gov/42104419/,ixekizumab; secukinumab,open,10.1186/s12944-026-02974-7,5,si
42112372,pubmed,Longitudinal plasma proteomics identifies diagnostic and response-associated inflammatory and immune biomarkers in psoriasis following secukinumab therapy.,https://pubmed.ncbi.nlm.nih.gov/42112372/,secukinumab,open,10.3389/fimmu.2026.1806248,5,si
42131335,pubmed,Glucagon-like peptide-1 receptor agonists in psoriasis and psoriatic arthritis: emerging evidence and future research opportunities.,https://pubmed.ncbi.nlm.nih.gov/42131335/,ixekizumab,open,10.3389/fimmu.2026.1744308,4,si
42133282,pubmed,Summary of Research: Apremilast Improves Skin Outcomes in Pediatric Plaque Psoriasis of Shorter Disease Duration: 52-Week Results from the SPROUT Phase 3 Trial.,https://pubmed.ncbi.nlm.nih.gov/42133282/,apremilast,open,10.1007/s13555-026-01714-0,2,si
42139049,pubmed,Ixekizumab With or Without Tirzepatide in Adults With Psoriasis and Overweight or Obesity: A Phase 3b Randomized Clinical Trial.,https://pubmed.ncbi.nlm.nih.gov/42139049/,ixekizumab,open,10.1001/jamadermatol.2026.1753,6,si
42139577,pubmed,Combination Guselkumab and Secukinumab for Plaque Psoriasis.,https://pubmed.ncbi.nlm.nih.gov/42139577/,secukinumab,abstract_only,10.12788/cutis.1353,1,si
42141519,pubmed,Systematic review and network meta-analysis of biologics and small molecules for scalp psoriasis.,https://pubmed.ncbi.nlm.nih.gov/42141519/,apremilast; ixekizumab; secukinumab,abstract_only,10.1111/jdv.70506,4,si
42163728,pubmed,Clinical Efficacy and Safety Profile of Bimekizumab in Psoriasis: A Systematic Review and Meta-Analysis of Randomized Controlled Trials.,https://pubmed.ncbi.nlm.nih.gov/42163728/,secukinumab,abstract_only,10.2174/0118715303446173260506053451,6,si
42177023,pubmed,Safety Profile of Systemic Therapy for the Management of Psoriasis in Patients With Diabetes Mellitus: Data From the BIOBADADERM Prospective Cohort.,https://pubmed.ncbi.nlm.nih.gov/42177023/,apremilast,abstract_only,10.1016/j.ad.2026.104688,3,si
42181314,pubmed,Comparative Effectiveness of Four Biologics for Moderate-to-Severe Plaque Psoriasis: A Network Meta-Analysis.,https://pubmed.ncbi.nlm.nih.gov/42181314/,secukinumab,open,10.7759/cureus.107459,4,si
42186071,pubmed,Clinical efficacy analysis of secukinumab combined with calcipotriol cream in the treatment of moderate to severe psoriasis in elderly patients.,https://pubmed.ncbi.nlm.nih.gov/42186071/,secukinumab,open,10.1186/s40360-026-01112-4,4,si
42191094,pubmed,Early intervention with secukinumab prevents epigenetic scar development in new-onset psoriasis: STEPIn mechanistic substudy results.,https://pubmed.ncbi.nlm.nih.gov/42191094/,secukinumab,abstract_only,10.1016/j.jaci.2026.04.028,4,si
42191498,pubmed,Effect of apremilast on whole-body magnetic resonance imaging of peripheral and axial inflammation in patients with psoriatic arthritis.,https://pubmed.ncbi.nlm.nih.gov/42191498/,apremilast,abstract_only,10.1016/j.ard.2026.04.010,4,si
42194775,pubmed,Biological Therapy Leads to a Reduction in Systemic Inflammation but Leaves Serum Uric Acid Unmodified in Moderate-to-Severe Plaque Psoriasis: A Prospective Longitudinal Cohort Study.,https://pubmed.ncbi.nlm.nih.gov/42194775/,apremilast; secukinumab,open,10.3390/jcm15103817,3,si
42198365,pubmed,Development and Optimization of an Apremilast-Loaded Nanoemulsion Gel for Topical Psoriasis Treatment with In Vitro Anti-Inflammatory Studies Using RAW 264.7 Cells.,https://pubmed.ncbi.nlm.nih.gov/42198365/,apremilast,open,10.3390/ph19050691,3,si
42201600,pubmed,Impact of Biologic Treatment Duration on Drug-Free Remission in Moderate-to-Severe Psoriasis: A Retrospective Cohort Study.,https://pubmed.ncbi.nlm.nih.gov/42201600/,secukinumab,open,10.1007/s13555-026-01785-z,4,si
42202956,pubmed,A multicenter retrospective study comparing the therapeutic effects and relapse rates of secukinumab on plaque psoriasis of varying severity.,https://pubmed.ncbi.nlm.nih.gov/42202956/,secukinumab,abstract_only,10.1016/j.jaad.2026.01.110,1,si
42204138,pubmed,PRELP negatively regulates IL-17A-mediated proliferation and the inflammatory response in psoriasis.,https://pubmed.ncbi.nlm.nih.gov/42204138/,ixekizumab; secukinumab,open,10.1038/s41392-026-02693-6,3,si
42208350,pubmed,Herbal hepatoprotective drugs modulate Metabolic Dysfunction-Associated Steatotic Liver Disease (MASLD)-like spheroids and psoriasis-like keratinocytes.,https://pubmed.ncbi.nlm.nih.gov/42208350/,ixekizumab,abstract_only,10.1016/j.biopha.2026.119478,4,si
42220470,pubmed,Bullous Pemphigoid Possibly Induced by Deucravacitinib in a Patient with Psoriasis.,https://pubmed.ncbi.nlm.nih.gov/42220470/,ixekizumab,open,10.2147/CCID.S606758,1,si
42231062,pubmed,Pediatric Recurrent Circinate Erythematous Psoriasis Successfully Treated With Secukinumab: A Case Report.,https://pubmed.ncbi.nlm.nih.gov/42231062/,secukinumab,open,10.1111/1346-8138.70337,1,si
42240733,pubmed,Effects of Tirzepatide on Metabolic Parameters in Patients with Psoriasis and Obesity: 24-Week Real-World Study.,https://pubmed.ncbi.nlm.nih.gov/42240733/,ixekizumab,open,10.1007/s13555-026-01812-z,3,si
42247059,pubmed,Real-world effectiveness and safety of apremilast in psoriatic arthritis: results from the multicenter Italian MAPSI II study.,https://pubmed.ncbi.nlm.nih.gov/42247059/,apremilast,abstract_only,10.1007/s10067-026-08173-0,5,si
42262460,pubmed,Real-World Long-Term Effectiveness and Safety of Secukinumab in Psoriasis: Up to 7 Years of Evidence from the Italian Landscape Psoriasis (IL PSO) Multicenter Retrospective Study.,https://pubmed.ncbi.nlm.nih.gov/42262460/,secukinumab,open,10.1007/s13555-026-01797-9,4,si
42286536,pubmed,Adverse events associated with candida infections in secukinumab treatment.,https://pubmed.ncbi.nlm.nih.gov/42286536/,secukinumab,open,10.1186/s12879-026-13782-w,4,si
42297436,pubmed,Overall and Sex-Specific Predictors of Secukinumab Effectiveness in European Patients With Psoriatic Arthritis: Results From the EuroSpA Collaboration.,https://pubmed.ncbi.nlm.nih.gov/42297436/,secukinumab,abstract_only,10.3899/jrheum.2025-1023,4,si
42308770,pubmed,Description and therapy of palmoplantar pustular psoriasis under IL-17A or dual IL-17A/F inhibition.,https://pubmed.ncbi.nlm.nih.gov/42308770/,ixekizumab; secukinumab,abstract_only,10.1016/j.jaut.2026.103592,3,si
42314776,pubmed,IL-17 inhibitor therapy and risk of chronic obstructive pulmonary disease and related pulmonary outcomes in patients with psoriasis: A real-world cohort study.,https://pubmed.ncbi.nlm.nih.gov/42314776/,ixekizumab; secukinumab,abstract_only,10.1016/j.rmed.2026.108969,4,si
42344898,pubmed,"SSGJ-608 in moderate-to-severe plaque psoriasis: a multicenter, randomized, open-label, phase 3 study.",https://pubmed.ncbi.nlm.nih.gov/42344898/,plaque_psoriasis,open,10.3389/fimmu.2026.1810418,4,si
42344901,pubmed,Breaking the barrier: oral tacrolimus plus apremilast rescues acute generalized pustular psoriasis with severe comorbidities-a case report.,https://pubmed.ncbi.nlm.nih.gov/42344901/,apremilast,open,10.3389/fimmu.2026.1801541,3,si
42346634,pubmed,"Systemic Immune-Inflammation Index (SII) as a Predictive Biomarker of Therapeutic Response in Psoriasis: A Retrospective Comparative Analysis of Anti-TNF, Anti-IL-17, and Anti-IL-23 Agents.",https://pubmed.ncbi.nlm.nih.gov/42346634/,plaque_psoriasis,open,10.3390/jpm16060323,5,si
42346846,pubmed,Monotherapy with Biologics for Generalized Pustular Psoriasis: A Systematic Review of Comparative Interventional Studies with an Exploratory Network Meta-Analysis.,https://pubmed.ncbi.nlm.nih.gov/42346846/,plaque_psoriasis,open,10.3390/medsci14020307,3,si
42363030,pubmed,Specialty-Based Disparities in Biologic Use and Retention in Psoriatic Arthritis: A Nationwide Korean Claims Analysis.,https://pubmed.ncbi.nlm.nih.gov/42363030/,plaque_psoriasis,open,10.1111/1756-185x.70756,3,si
42367771,pubmed,Case Report: Successful treatment of refractory generalized pustular psoriasis with xeligekimab: a report of two cases.,https://pubmed.ncbi.nlm.nih.gov/42367771/,plaque_psoriasis,open,10.3389/fimmu.2026.1748050,2,si
42370082,pubmed,Understanding the transition from psoriasis to psoriatic arthritis: the role of targeted therapy.,https://pubmed.ncbi.nlm.nih.gov/42370082/,plaque_psoriasis,open,10.1016/j.ero.2025.12.008,3,si
42372782,pubmed,"Secukinumab biosimilar BAT2306 versus reference secukinumab in patients with moderate-to-severe plaque psoriasis: a multicentre, double-blind, randomised, active-controlled, phase 3 trial.",https://pubmed.ncbi.nlm.nih.gov/42372782/,secukinumab,abstract_only,10.1016/S2665-9913(26)00118-9,6,si
42376866,pubmed,PD-1 engagement and circulating Th17 effector activity during secukinumab treatment in plaque psoriasis.,https://pubmed.ncbi.nlm.nih.gov/42376866/,secukinumab,open,10.1093/cei/uxag037,4,si
42377011,pubmed,Biologic therapies in pediatric psoriasis: A single-center experience.,https://pubmed.ncbi.nlm.nih.gov/42377011/,ixekizumab; secukinumab,abstract_only,10.5546/aap.2026-11081.eng,2,si
42384964,pubmed,Progression from oligoarticular to polyarticular psoriatic arthritis and apremilast as a disease modifier: Novel insights from FOREMOST.,https://pubmed.ncbi.nlm.nih.gov/42384964/,apremilast,open,10.1093/rheumatology/keag351,3,si
42390709,pubmed,Immunobiological Therapy in Moderate-to-Severe Psoriasis: A Retrospective Cohort Study Investigating the Effects of Inadequate Therapeutic Compliance on Drug Survival.,https://pubmed.ncbi.nlm.nih.gov/42390709/,secukinumab,abstract_only,10.1007/s13555-026-01845-4,4,si
42404644,pubmed,Personalized Medicine in Psoriasis - A Long Road Ahead?,https://pubmed.ncbi.nlm.nih.gov/42404644/,plaque_psoriasis,open,10.2147/PTT.S595079,3,si
42409798,pubmed,AI-guided CRISPR screening reveals therapeutic targets in psoriasis.,https://pubmed.ncbi.nlm.nih.gov/42409798/,plaque_psoriasis,open,10.1038/s41467-026-75249-5,3,si
42419628,pubmed,Population pharmacokinetic-pharmacodynamic model for secukinumab in patients with psoriasis.,https://pubmed.ncbi.nlm.nih.gov/42419628/,secukinumab,abstract_only,10.1016/j.jid.2026.06.1285,3,si
42420332,pubmed,Decoding cytokine interactions for psoriasis therapy through computational repurposing of antihypertensive drugs.,https://pubmed.ncbi.nlm.nih.gov/42420332/,apremilast,abstract_only,10.1038/s41598-026-47049-w,4,si
42422714,pubmed,Real-life effectiveness and safety of bimekizumab in patients with moderate plaque psoriasis: a 54-week multicentre study in the Lazio region.,https://pubmed.ncbi.nlm.nih.gov/42422714/,plaque_psoriasis,open,10.7573/dic.2026-5-3,3,si
42427208,pubmed,Efficacy and drug survival after transitioning to IL-17 inhibitors in patients with psoriasis who did not respond to IL-23 inhibitors: analysis from the BIOREP registry.,https://pubmed.ncbi.nlm.nih.gov/42427208/,plaque_psoriasis,abstract_only,10.1080/09546634.2026.2700876,3,si
42433375,pubmed,Shared inflammatory architecture and therapeutic tensions between psoriasis and Crohn's disease.,https://pubmed.ncbi.nlm.nih.gov/42433375/,plaque_psoriasis,open,10.3389/fimmu.2026.1871406,3,si
42440790,pubmed,Complete Remission of Erythrodermic Psoriasis After Bevacizumab Administration for Ovarian Serous Adenocarcinoma: A Case Report.,https://pubmed.ncbi.nlm.nih.gov/42440790/,ixekizumab,open,10.1002/ccr3.73082,1,si
42448437,pubmed,Bilateral knee lipoma arborescens mimicking persistent inflammatory arthritis in a patient with psoriatic arthritis.,https://pubmed.ncbi.nlm.nih.gov/42448437/,secukinumab,open,10.1136/bcr-2026-273150,2,si
42457532,pubmed,Predicting disease relapse in plaque psoriasis patients treated with secukinumab: A multicenter retrospective cohort study.,https://pubmed.ncbi.nlm.nih.gov/42457532/,secukinumab,abstract_only,10.1097/CM9.0000000000004148,1,si
42459241,pubmed,Resolution of Long-Standing Irritable Bowel Syndrome Symptoms After Treatment of Psoriasis With Risankizumab.,https://pubmed.ncbi.nlm.nih.gov/42459241/,plaque_psoriasis,open,,2,si
42463211,pubmed,Development of a predictive marker panel for the individualised bDMARD therapy of psoriatic arthritis: protocol for a prospective observational study (Integrate-PsA).,https://pubmed.ncbi.nlm.nih.gov/42463211/,plaque_psoriasis,open,10.1136/bmjopen-2025-115708,4,si
42464053,pubmed,"Effectiveness and Safety of Apremilast in Immune Checkpoint Inhibitor-Associated Psoriasis: A Retrospective Multicenter Study From the EADV Task Force ""Dermatology for Cancer Patients"".",https://pubmed.ncbi.nlm.nih.gov/42464053/,apremilast,abstract_only,10.1111/ijd.70592,1,si
42472067,pubmed,Real-World Dose Adjustment and Switching of Interleukin-17/23 Inhibitors for Thai Psoriasis.,https://pubmed.ncbi.nlm.nih.gov/42472067/,ixekizumab; secukinumab,open,10.1155/drp/7998583,3,si
42479398,pubmed,"Longitudinal Performance of the Psoriasis Epidemiology Screening Tool (PEST) in Canada and Latin America: Results from the Prospective, Observational, 5-Year PURE Registry.",https://pubmed.ncbi.nlm.nih.gov/42479398/,secukinumab,open,10.1007/s13555-026-01826-7,4,si
42480000,pubmed,Efficacy differences of biologic agents targeting different pathways in obese patients with psoriasis: a systematic review and meta-analysis.,https://pubmed.ncbi.nlm.nih.gov/42480000/,plaque_psoriasis,abstract_only,10.1080/09546634.2026.2705161,3,si
42482974,pubmed,Beyond the Usual Targets: A Case Report of Overcoming IL-23 and IL-17A Biologic Nonresponse in Palmoplantar Psoriasis With Brodalumab.,https://pubmed.ncbi.nlm.nih.gov/42482974/,ixekizumab,open,,3,si
42487388,pubmed,Sequencing and switching among IL-17 and IL-23 biologics in plaque psoriasis: real-world lessons and precision strategies for the future.,https://pubmed.ncbi.nlm.nih.gov/42487388/,plaque_psoriasis,abstract_only,10.1080/14712598.2026.2706714,3,si
42488675,pubmed,Case Report: Successful treatment of new onset plaque psoriasis with secukinumab in a peritoneal dialysis patient.,https://pubmed.ncbi.nlm.nih.gov/42488675/,secukinumab,open,10.3389/fimmu.2026.1882041,3,si
42492164,pubmed,Cure for psoriasis - a prospective outlook.,https://pubmed.ncbi.nlm.nih.gov/42492164/,plaque_psoriasis,abstract_only,10.1016/j.coi.2026.102820,2,si
42497846,pubmed,Icotrokinra (Icotyde) for psoriasis.,https://pubmed.ncbi.nlm.nih.gov/42497846/,apremilast,abstract_only,10.58347/tml.2026.1760b,1,si
42499402,pubmed,Ixekizumab-induced cutaneous vasculitis: A rare challenge in the era of biologic therapies.,https://pubmed.ncbi.nlm.nih.gov/42499402/,ixekizumab,open,10.1016/j.jdcr.2026.05.065,1,no
42501238,pubmed,"Effectiveness and Safety of IL-17A Inhibitors in Pediatric Psoriasis: A Real-World, Multicenter, International Study.",https://pubmed.ncbi.nlm.nih.gov/42501238/,ixekizumab; secukinumab,abstract_only,10.1007/s40272-026-00762-5,4,si
42504065,pubmed,Assessment of Major Adverse Cardiovascular Event Across Diverse Racial Groups of Psoriasis Patients on Biologic Therapy: A Retrospective Cohort Study.,https://pubmed.ncbi.nlm.nih.gov/42504065/,plaque_psoriasis,abstract_only,10.1111/1346-8138.70396,4,si
42507504,pubmed,Real-World Effectiveness and Safety of Ixekizumab in Moderate-to-Severe Plaque Psoriasis in the Indian Population: A Pilot Study.,https://pubmed.ncbi.nlm.nih.gov/42507504/,ixekizumab,abstract_only,10.4103/idoj.idoj_1091_25,4,si
42519797,pubmed,Effectiveness and safety of switching biologics after secukinumab treatment failure in moderate-to-severe plaque psoriasis: a retrospective cohort study.,https://pubmed.ncbi.nlm.nih.gov/42519797/,ixekizumab; secukinumab,open,10.3389/fmed.2026.1866311,4,si
42522480,pubmed,The efficacy and safety of interleukin-17 and interleukin-23 inhibitors in psoriatic arthritis across multiple disease domains.,https://pubmed.ncbi.nlm.nih.gov/42522480/,plaque_psoriasis; secukinumab,abstract_only,10.25251/zsav4a48,3,si
42522487,pubmed,Extrapolating the speed of psoriasis clearance: Head-to-head agents in clinical trials.,https://pubmed.ncbi.nlm.nih.gov/42522487/,plaque_psoriasis,abstract_only,10.25251/t1b8ft53,3,si
42522529,pubmed,Recalcitrant pustular psoriasis complicated by allergic contact dermatitis: A therapeutic challenge.,https://pubmed.ncbi.nlm.nih.gov/42522529/,secukinumab,abstract_only,10.25251/zovlink1,1,si
42522774,pubmed,Effectiveness of bimekizumab according to previous biologic exposure in patients with plaque psoriasis: a multicenter real-world study.,https://pubmed.ncbi.nlm.nih.gov/42522774/,plaque_psoriasis,abstract_only,10.1080/09546634.2026.2707697,3,si
42523983,pubmed,Erythrodermic psoriasis with early diagnostic uncertainty requiring multidisciplinary rheumatological management: A case report.,https://pubmed.ncbi.nlm.nih.gov/42523983/,secukinumab,open,10.3892/mi.2026.330,3,si
42524831,pubmed,Investigational IL-17A antagonist in the treatment of psoriatic arthritis - a review.,https://pubmed.ncbi.nlm.nih.gov/42524831/,plaque_psoriasis,abstract_only,10.1080/13543784.2026.2710840,2,si
42533212,pubmed,"Treatment Patterns, Drug Survival, and Effectiveness of Tildrakizumab Among Patients with Prior Interleukin-17 Experience in the PPD CorEvitas Psoriasis Registry.",https://pubmed.ncbi.nlm.nih.gov/42533212/,plaque_psoriasis,abstract_only,10.1007/s13555-026-01842-7,3,si
42536885,pubmed,Ustekinumab for the treatment of psoriasis: a well-established therapy primed for resurgence.,https://pubmed.ncbi.nlm.nih.gov/42536885/,plaque_psoriasis,abstract_only,10.1080/1744666X.2026.2712643,3,si
42540023,pubmed,Guselkumab treatment of psoriasis results in sustained reduction of systemic inflammatory biomarkers to week 48 in three phase III randomized controlled trials.,https://pubmed.ncbi.nlm.nih.gov/42540023/,secukinumab,open,10.1093/skinhd/vzag075,3,si
42543448,pubmed,Treatment Persistence of Interleukin-17 Inhibitors and Factors Associated with Persistence in Patients with Psoriasis Vulgaris in Japan: Retrospective Database Study.,https://pubmed.ncbi.nlm.nih.gov/42543448/,ixekizumab; secukinumab,abstract_only,10.1007/s13555-026-01878-9,4,si
42545602,pubmed,Clinical Outcomes After Week-12 Response-Guided Secukinumab Discontinuation in Psoriasis: A Prospective Real-World Cohort Study.,https://pubmed.ncbi.nlm.nih.gov/42545602/,secukinumab,abstract_only,10.1007/s40259-026-00801-0,4,si
42547477,pubmed,Factors Associated With PASI90 Maintenance Without Flare-Up and Predictors of Biologics Discontinuation in Psoriasis: Two-Center Retrospective Cohort Study in Korea.,https://pubmed.ncbi.nlm.nih.gov/42547477/,ixekizumab; secukinumab,open,10.5021/ad.25.153,4,si
42552595,pubmed,Evaluating zasocitinib as an oral therapy for moderate to severe plaque psoriasis.,https://pubmed.ncbi.nlm.nih.gov/42552595/,plaque_psoriasis,abstract_only,10.1080/14656566.2026.2714835,2,si
42555067,pubmed,Speed of Response in Biologic Treatments for Moderate-to-Severe Plaque Psoriasis: Bayesian Network Meta-Analysis.,https://pubmed.ncbi.nlm.nih.gov/42555067/,ixekizumab,abstract_only,10.36849/JDD.10111,3,si
42555075,pubmed,Improved Sleep Quality in Psoriasis Patients Under Biologicals: A Prospective Observational Study.,https://pubmed.ncbi.nlm.nih.gov/42555075/,plaque_psoriasis,abstract_only,10.36849/JDD.9298,3,si
42555079,pubmed,Decreased Nonmelanoma Skin Cancer Risk With Interleukin-17 and Interleukin-23 Inhibitors Versus TNF-α Inhibitors in Psoriasis.,https://pubmed.ncbi.nlm.nih.gov/42555079/,plaque_psoriasis,abstract_only,10.36849/JDD.9449,3,si
42555081,pubmed,"INDIVIDUAL ARTICLE: Generalized Pustular Psoriasis: A Contemporary Review of Diagnosis, Pathophysiology, and IL-36 Pathway-Directed Management.",https://pubmed.ncbi.nlm.nih.gov/42555081/,plaque_psoriasis,abstract_only,10.36849/JDD.63121,3,si
42555537,pubmed,Psoriatic patients with cancer: a multicentric real-life study comparing Risankizumab and Apremilast.,https://pubmed.ncbi.nlm.nih.gov/42555537/,apremilast,abstract_only,10.1159/000553458,3,no
42558790,pubmed,"Short-term efficacy of biologics targeting the IL-17/IL-23 axis in scalp, nail, and palmoplantar psoriasis: a network meta-analysis of randomized controlled trials.",https://pubmed.ncbi.nlm.nih.gov/42558790/,ixekizumab; secukinumab,open,10.3389/fimmu.2026.1846290,4,si
42563042,pubmed,Deucravacitinib 5-Year Safety and Efficacy Results in Plaque Psoriasis: A Phase 3 Open-Label Extension of Randomized Clinical Trials.,https://pubmed.ncbi.nlm.nih.gov/42563042/,apremilast,abstract_only,10.1007/s40257-026-01055-w,4,si
42564794,pubmed,Efficacy and safety of interleukin inhibitors in the treatment of moderate-to-severe plaque psoriasis: a systematic review and network meta-analysis.,https://pubmed.ncbi.nlm.nih.gov/42564794/,secukinumab,open,10.3389/fmed.2026.1766348,5,si
42565330,pubmed,Clinical characteristics and outcomes of paradoxical palmoplantar pustulosis during secukinumab therapy in biologic-naïve patients with plaque psoriasis: a retrospective case series.,https://pubmed.ncbi.nlm.nih.gov/42565330/,secukinumab,abstract_only,10.1080/09546634.2026.2712039,3,si
42568089,pubmed,"Effect of apremilast on entheseal bone damage in psoriasis patients at risk of developing psoriatic arthritis - data from the prospective, interventional EPOS study.",https://pubmed.ncbi.nlm.nih.gov/42568089/,apremilast,open,10.1186/s13075-026-03873-z,3,si
42568489,pubmed,Marked improvement of isolated acrodermatitis continua of hallopeau with upadacitinib: a case report and literature review.,https://pubmed.ncbi.nlm.nih.gov/42568489/,secukinumab,open,10.3389/fmed.2026.1868846,3,no
42573454,pubmed,Targeted therapies for psoriasis and atopic dermatitis in the context of malignancy: SPIN-FRT recommendations.,https://pubmed.ncbi.nlm.nih.gov/42573454/,plaque_psoriasis,abstract_only,10.1111/jdv.70634,4,si
42576419,pubmed,Dual Targeted Therapy as a Treatment Strategy for Refractory Psoriatic Arthritis: Real-World Effectiveness and Safety From a Prospective Cohort.,https://pubmed.ncbi.nlm.nih.gov/42576419/,apremilast,open,10.1002/acr2.90084,4,no
42577288,pubmed,"Dose Reduction of IL17 and IL23 Inhibitors in Psoriasis (BeNeBio study): An International, Pragmatic, Multicentre, Randomised, Controlled, Non-Inferiority Trial.",https://pubmed.ncbi.nlm.nih.gov/42577288/,ixekizumab; secukinumab,open,10.1016/j.lanepe.2026.101721,4,si
42577425,pubmed,Impact of dermatology targeted immunotherapies on autoimmune thyroid diseases: cytokine-network crosstalk and thyroid safety.,https://pubmed.ncbi.nlm.nih.gov/42577425/,plaque_psoriasis,open,10.3389/fimmu.2026.1890822,4,si
42579249,pubmed,Impact of Biologic Therapies on the Risk of Progression from Psoriasis to Psoriatic Arthritis: A Systematic Review and Meta-Analysis of Cohort Studies.,https://pubmed.ncbi.nlm.nih.gov/42579249/,plaque_psoriasis,abstract_only,10.1007/s40257-026-01065-8,4,si
42581417,pubmed,Effectiveness of brodalumab in biologic-experienced adults with moderate to severe plaque psoriasis: a focused narrative review.,https://pubmed.ncbi.nlm.nih.gov/42581417/,ixekizumab; secukinumab,abstract_only,10.1080/09546634.2026.2694924,3,si
42583969,pubmed,Efficacy and safety of different doses of apremilast in mild to-moderate psoriasis: A randomized controlled study.,https://pubmed.ncbi.nlm.nih.gov/42583969/,apremilast,open,10.4103/ijp.ijp_896_25,3,si
42584086,pubmed,Biologic DMARD class influences progression from psoriasis to PsA: a real-world cohort study.,https://pubmed.ncbi.nlm.nih.gov/42584086/,plaque_psoriasis,abstract_only,10.1093/rheumatology/keag410,3,si
42587407,pubmed,Systemic Treatment of Psoriasis: Current Evidence on Efficacy and Safety.,https://pubmed.ncbi.nlm.nih.gov/42587407/,apremilast,abstract_only,10.1111/1346-8138.70457,4,si
42590198,pubmed,Potential Blood Biomarkers Predicting Treatment Response in Psoriasis: A Systematic Review and Meta-Analysis.,https://pubmed.ncbi.nlm.nih.gov/42590198/,apremilast,open,10.3390/jcm15156096,5,si
42591095,pubmed,"Association of IL-17 inhibitor therapy with glycemic, lipid profiles, and systemic inflammation in psoriasis patients with metabolic comorbidities: a retrospective cohort study.",https://pubmed.ncbi.nlm.nih.gov/42591095/,plaque_psoriasis,open,10.3389/fmed.2026.1891303,5,si
42591175,pubmed,Rapid resolution of guttate psoriasis with upadacitinib: a case report.,https://pubmed.ncbi.nlm.nih.gov/42591175/,secukinumab,open,10.3389/fmed.2026.1899043,3,si
42593668,pubmed,"Retrospective Real-World Comparison of Adherence, Persistence, Health-Care Utilization, and Costs Among Biologics for Moderate-to-Severe Psoriasis in China.",https://pubmed.ncbi.nlm.nih.gov/42593668/,ixekizumab; secukinumab,abstract_only,10.1007/s40261-026-01555-x,5,si
42598823,pubmed,Giant cell arteritis during risankizumab therapy: a possible paradoxical reaction to IL-23 inhibition.,https://pubmed.ncbi.nlm.nih.gov/42598823/,plaque_psoriasis,abstract_only,10.1080/25785826.2026.2715180,3,si
42601936,pubmed,Trajectory-based profiling of 52-week secukinumab response reveals baseline clinical and transcriptomic differences in plaque psoriasis.,https://pubmed.ncbi.nlm.nih.gov/42601936/,secukinumab,open,10.3389/fimmu.2026.1902716,4,si
42602014,pubmed,Characteristics of Real-World Patients with Psoriasis Receiving Guselkumab or Interleukin-17 Inhibitors: Data from the Psoriasis Longitudinal Assessment and Registry (PSOLAR).,https://pubmed.ncbi.nlm.nih.gov/42602014/,plaque_psoriasis,open,10.1177/24755303261477021,4,si
42618212,pubmed,Prevalence and clinical relevance of anti-drug antibodies in psoriatic arthritis: a systematic review.,https://pubmed.ncbi.nlm.nih.gov/42618212/,ixekizumab; secukinumab,open,10.1136/rmdopen-2026-007140,4,si
42621332,pubmed,Successful Addition of Topical Tapinarof for Residual Psoriatic Lesions During Apremilast Therapy: A Case Report.,https://pubmed.ncbi.nlm.nih.gov/42621332/,apremilast,open,10.7759/cureus.112995,3,no
42626542,pubmed,"Durable, Anatomically Confined Clearance of Scalp Psoriasis and Associated Pruritus After Single Bilateral Greater Occipital Nerve Block.",https://pubmed.ncbi.nlm.nih.gov/42626542/,apremilast,open,10.7759/cureus.113086,3,si
42633246,pubmed,Probable paradoxical pyoderma gangrenosum associated with secukinumab in a patient with severe plaque psoriasis.,https://pubmed.ncbi.nlm.nih.gov/42633246/,secukinumab,open,10.1016/j.jdcr.2026.07.022,1,si
42637676,pubmed,Association of serum uric acid with circulating inflammatory proteins and treatment response to ixekizumab in patients with psoriasis: A multicenter prospective cohort study in China.,https://pubmed.ncbi.nlm.nih.gov/42637676/,ixekizumab,abstract_only,10.1097/CM9.0000000000004261,4,si
42645350,pubmed,Prescribing Biologic Immune-Modifying Therapies for Patients with a History of Cancer: A Cross-Specialty Review.,https://pubmed.ncbi.nlm.nih.gov/42645350/,plaque_psoriasis,open,10.3390/curroncol33080445,4,si
42646636,pubmed,The Evaluation of the Clinical Effectiveness and Safety of Biologic Therapies in Psoriasis-Real-World Evidence up to 64 Weeks of Therapy.,https://pubmed.ncbi.nlm.nih.gov/42646636/,plaque_psoriasis,open,10.3390/medsci14040502,4,si
42660434,pubmed,Longitudinal Interferon-γ Release Assay Changes in Psoriasis Treated With Interleukin Inhibitors: A Single-Center Real-World Cohort Study in China.,https://pubmed.ncbi.nlm.nih.gov/42660434/,plaque_psoriasis,abstract_only,10.1016/j.jaad.2026.08.083,1,si
42661716,pubmed,"IL-17 ligand-targeting inhibitors in psoriatic arthritis: a focused systematic review and network meta-analysis of efficacy, safety, and certainty of evidence.",https://pubmed.ncbi.nlm.nih.gov/42661716/,ixekizumab; secukinumab,open,10.3389/fimmu.2026.1893092,4,si
42661770,pubmed,IL-4Rα antagonist (Stapokibart) in refractory palmoplantar pustulosis: a case report and literature review of Th2-targeted therapies.,https://pubmed.ncbi.nlm.nih.gov/42661770/,plaque_psoriasis,open,10.3389/fimmu.2026.1851685,3,si
42683998,pubmed,"Comments on ""Efficacy and safety of different doses of apremilast in mild to moderate psoriasis"".",https://pubmed.ncbi.nlm.nih.gov/42683998/,apremilast,abstract_only,10.4103/ijp.ijp_1055_26,1,si
42687559,pubmed,Anti-IL-17 therapy in people living with HIV who have cutaneous psoriasis: A four-patient case series.,https://pubmed.ncbi.nlm.nih.gov/42687559/,ixekizumab; secukinumab,abstract_only,10.1177/09564624261485266,2,si
